,id,name,last_modified
0,1011334,3-D Man,2014-04-29T14:18:17-0400
1,1017100,A-Bomb (HAS),2013-09-18T15:54:04-0400
2,1009144,A.I.M.,2013-10-17T14:41:30-0400
3,1010699,Aaron Stack,1969-12-31T19:00:00-0500
4,1009146,Abomination (Emil Blonsky),2012-03-20T12:32:12-0400
5,1016823,Abomination (Ultimate),2012-07-10T19:11:52-0400
6,1009148,Absorbing Man,2013-10-24T14:32:08-0400
7,1009149,Abyss,2014-04-29T14:10:43-0400
8,1010903,Abyss (Age of Apocalypse),1969-12-31T19:00:00-0500
9,1011266,Adam Destine,1969-12-31T19:00:00-0500
10,1010354,Adam Warlock,2013-08-07T13:49:06-0400
11,1010846,Aegis (Trey Rollins),1969-12-31T19:00:00-0500
12,1017851,Aero (Aero),2021-08-27T17:52:34-0400
13,1012717,Agatha Harkness,2021-08-06T11:30:56-0400
14,1011297,Agent Brand,2013-10-24T13:09:30-0400
15,1011031,Agent X (Nijo),1969-12-31T19:00:00-0500
16,1009150,Agent Zero,1969-12-31T19:00:00-0500
17,1011198,Agents of Atlas,2016-02-03T10:25:22-0500
18,1011175,Aginar,1969-12-31T19:00:00-0500
19,1011136,Air-Walker (Gabriel Lan),1969-12-31T19:00:00-0500
20,1011176,Ajak,1969-12-31T19:00:00-0500
21,1010870,Ajaxis,1969-12-31T19:00:00-0500
22,1011194,Akemi,1969-12-31T19:00:00-0500
23,1011170,Alain,1969-12-31T19:00:00-0500
24,1009240,Albert Cleary,1969-12-31T19:00:00-0500
25,1011120,Albion,1969-12-31T19:00:00-0500
26,1010836,Alex Power,2011-10-27T09:57:58-0400
27,1010755,Alex Wilder,1969-12-31T19:00:00-0500
28,1011214,Alexa Mendez,1969-12-31T19:00:00-0500
29,1009497,Alexander Pierce,1969-12-31T19:00:00-0500
30,1014990,Alice,2010-11-18T16:01:44-0500
31,1009435,Alicia Masters,1969-12-31T19:00:00-0500
32,1010370,Alpha Flight,2013-10-24T13:09:22-0400
33,1011324,Alpha Flight (Ultimate),1969-12-31T19:00:00-0500
34,1011164,Alvin Maker,1969-12-31T19:00:00-0500
35,1011227,Amadeus Cho,2013-08-07T13:50:56-0400
36,1009567,Amanda Sefton,1969-12-31T19:00:00-0500
37,1011382,Amazoness,1969-12-31T19:00:00-0500
38,1011361,American Eagle (Jason Strongbow),1969-12-31T19:00:00-0500
39,1009151,Amiko,1969-12-31T19:00:00-0500
40,1010672,Amora,1969-12-31T19:00:00-0500
41,1010673,Amphibian (Earth-712),1969-12-31T19:00:00-0500
42,1010905,Amun,1969-12-31T19:00:00-0500
43,1009152,Ancient One,1969-12-31T19:00:00-0500
44,1016824,Ancient One (Ultimate),2012-07-10T19:15:49-0400
45,1011684,Angel (Angel Salvadore),2021-08-19T00:06:46-0400
46,1011396,Angel (Thomas Halloway),2014-03-05T13:14:48-0500
47,1011338,Angel (Ultimate),2014-03-05T13:15:49-0500
48,1009153,Angel (Warren Worthington III),2012-05-30T14:06:57-0400
49,1017574,Angela (Aldrif Odinsdottir),2014-11-17T17:45:37-0500
50,1010674,Anita Blake,2004-04-14T00:00:00-0400
51,1009346,Anne Marie Hoag,1969-12-31T19:00:00-0500
52,1009154,Annihilus,2013-11-20T17:06:36-0500
53,1011301,Anole,1969-12-31T19:00:00-0500
54,1010802,Ant-Man (Eric O'Grady),2014-03-05T13:20:04-0500
55,1009155,Ant-Man (Hank Pym),2021-08-05T15:11:25-0400
56,1010801,Ant-Man (Scott Lang),2017-01-31T11:03:40-0500
57,1011208,Anthem,1969-12-31T19:00:00-0500
58,1009156,Apocalypse,2014-05-28T12:41:41-0400
59,1011253,Apocalypse (Ultimate),1969-12-31T19:00:00-0500
60,1010866,Aqueduct,1969-12-31T19:00:00-0500
61,1010773,Arachne,2013-10-24T13:07:59-0400
62,1017438,Ara√±a,2016-03-07T14:41:37-0500
63,1009158,Arcade,1969-12-31T19:00:00-0500
64,1010686,Arcana,1969-12-31T19:00:00-0500
65,1009159,Archangel,2013-10-18T12:48:24-0400
66,1009160,Arclight,1969-12-31T19:00:00-0500
67,1010784,Ares,2014-04-29T14:50:59-0400
68,1011275,Argent,1969-12-31T19:00:00-0500
69,1011012,Armadillo,1969-12-31T19:00:00-0500
70,1011298,Armor (Hisako Ichiki),2012-03-07T17:26:33-0500
71,1010827,Armory,1969-12-31T19:00:00-0500
72,1009740,Arnim Zola,2012-03-20T12:33:28-0400
73,1010748,Arsenic,1969-12-31T19:00:00-0500
74,1009161,Artiee,2011-10-27T09:59:16-0400
75,1010718,Asgardian,1969-12-31T19:00:00-0500
76,1009162,Askew-Tronics,1969-12-31T19:00:00-0500
77,1010835,Asylum,1969-12-31T19:00:00-0500
78,1010336,Atlas (Team),1969-12-31T19:00:00-0500
79,1011758,Attuma,2021-08-27T21:46:12-0400
80,1009163,Aurora,2011-05-10T15:56:51-0400
81,1009164,Avalanche,2010-11-05T14:30:34-0400
82,1009165,Avengers,2020-07-21T10:29:09-0400
83,1015239,Avengers (Ultimate),2012-07-10T19:18:28-0400
84,1011766,Azazel (Mutant),2011-06-09T11:04:52-0400
85,1011456,Balder,2021-08-13T00:06:18-0400
86,1009168,Banshee,2013-11-01T16:27:08-0400
87,1009596,Banshee (Theresa Rourke),2011-03-23T17:37:27-0400
88,1011778,Baron Mordo (Karl Mordo),2021-08-12T22:48:49-0400
89,1009169,Baron Strucker,2012-03-20T12:30:55-0400
90,1009170,Baron Zemo (Heinrich Zemo),2017-08-24T12:46:19-0400
91,1010906,Baron Zemo (Helmut Zemo),2011-02-24T13:21:20-0500
92,1011137,Baroness S'Bak,1969-12-31T19:00:00-0500
93,1011354,Barracuda,1969-12-31T19:00:00-0500
94,1009550,Bart Rozum,1969-12-31T19:00:00-0500
95,1009171,Bastion,2013-10-24T13:07:45-0400
96,1009172,Batroc the Leaper,2011-03-03T11:45:12-0500
97,1009173,Battering Ram,1969-12-31T19:00:00-0500
98,1011785,Battlestar,2021-08-12T23:47:13-0400
99,1009174,Beak,2011-06-01T16:04:59-0400
100,1009175,Beast,2014-01-13T14:48:32-0500
101,1010909,Beast (Earth-311),1969-12-31T19:00:00-0500
102,1010908,Beast (Ultimate),2014-03-05T13:19:55-0500
103,1009176,Becatron,1969-12-31T19:00:00-0500
104,1009177,Bedlam,1969-12-31T19:00:00-0500
105,1009178,Beef,1969-12-31T19:00:00-0500
106,1009179,Beetle (Abner Jenkins),1969-12-31T19:00:00-0500
107,1011793,Belasco,2021-08-27T18:00:45-0400
108,1009329,Ben Grimm,2011-03-18T12:27:31-0400
109,1009489,Ben Parker,1969-12-31T19:00:00-0500
110,1011346,Ben Reilly,1969-12-31T19:00:00-0500
111,1010782,Ben Urich,1969-12-31T19:00:00-0500
112,1010829,Bengal,2013-10-24T13:01:00-0400
113,1009180,Beta-Ray Bill,2013-10-17T14:41:43-0400
114,1011907,Bethany Cabe,2021-08-27T18:12:40-0400
115,1010325,Betty Brant,1969-12-31T19:00:00-0500
116,1009548,Betty Ross,2011-10-31T15:42:18-0400
117,1011138,Beyonder,2013-11-20T17:06:32-0500
118,1011296,Bi-Beast,2011-05-24T16:45:33-0400
119,1010843,Big Bertha,1969-12-31T19:00:00-0500
120,1009181,Big Wheel,2012-12-27T15:37:56-0500
121,1011262,Bill Hollister,1969-12-31T19:00:00-0500
122,1009182,Bishop,2013-10-23T12:43:10-0400
123,1011224,Bishop (Ultimate),1969-12-31T19:00:00-0500
124,1009183,Black Bird,1969-12-31T19:00:00-0500
125,1009184,Black Bolt,2013-10-24T14:39:01-0400
126,1017330,Black Bolt (Marvel War of Heroes),2013-09-18T11:01:06-0400
127,1009185,Black Cat,2016-03-07T10:00:52-0500
128,1010910,Black Cat (Ultimate),1969-12-31T19:00:00-0500
129,1010859,Black Crow,1969-12-31T19:00:00-0500
130,1011809,Black Knight (Dane Whitman),2021-08-04T12:06:58-0400
131,1009186,Black Knight (Sir Percy of Scandia),1969-12-31T19:00:00-0500
132,1009187,Black Panther,2018-06-19T16:39:46-0400
133,1017838,Black Panther (Shuri),2021-08-05T15:15:10-0400
134,1011130,Black Panther (Ultimate),2014-03-05T13:19:46-0500
135,1010356,Black Queen,1969-12-31T19:00:00-0500
136,1010687,Black Tarantula,1969-12-31T19:00:00-0500
137,1009188,Black Tom,1969-12-31T19:00:00-0500
138,1009189,Black Widow,2016-01-04T18:09:26-0500
139,1017296,Black Widow (LEGO Marvel Super Heroes),2013-09-18T11:15:15-0400
140,1010911,Black Widow (Ultimate),2014-03-05T13:19:36-0500
141,1011498,Black Widow (Yelena Belova),2021-08-04T10:52:20-0400
142,1017109,Black Widow/Natasha Romanoff (MAA),2013-09-18T15:52:01-0400
143,1009190,Blackheart,1969-12-31T19:00:00-0500
144,1010881,Blacklash,1969-12-31T19:00:00-0500
145,1011349,Blackout,1969-12-31T19:00:00-0500
146,1009191,Blade,2013-10-04T18:29:21-0400
147,1009195,Blastaar,2013-10-24T13:07:25-0400
148,1010830,Blazing Skull,1969-12-31T19:00:00-0500
149,1011291,Blindfold,1969-12-31T19:00:00-0500
150,1011836,Bling!,2021-08-19T00:12:01-0400
151,1009197,Blink,2011-11-14T15:18:17-0500
152,1009198,Blizzard,1969-12-31T19:00:00-0500
153,1009199,Blob,2011-02-09T17:31:11-0500
154,1011132,Blob (Ultimate),1969-12-31T19:00:00-0500
155,1009200,Blockbuster,1969-12-31T19:00:00-0500
156,1009201,Blok,1969-12-31T19:00:00-0500
157,1009202,Bloke,1969-12-31T19:00:00-0500
158,1011416,Blonde Phantom,2011-09-07T16:35:07-0400
159,1011073,Bloodaxe,1969-12-31T19:00:00-0500
160,1009203,Bloodscream,1969-12-31T19:00:00-0500
161,1009204,Bloodstorm,1969-12-31T19:00:00-0500
162,1010850,Bloodstrike,1969-12-31T19:00:00-0500
163,1011113,Blue Blade,1969-12-31T19:00:00-0500
164,1011339,Blue Marvel,2016-02-01T16:10:26-0500
165,1011264,Blue Shield,1969-12-31T19:00:00-0500
166,1010688,Blur,1969-12-31T19:00:00-0500
167,1011119,"Bob, Agent of Hydra",2012-01-11T11:47:30-0500
168,1010366,Boom Boom,1969-12-31T19:00:00-0500
169,1009205,Boomer,1969-12-31T19:00:00-0500
170,1010371,Boomerang,2014-01-27T16:28:50-0500
171,1009206,Box,1969-12-31T19:00:00-0500
172,1011236,Bride of Nine Spiders (Immortal Weapons),2011-05-26T17:53:05-0400
173,1014981,Bromley,2010-11-18T15:53:49-0500
174,1009208,Brood,2013-10-17T14:53:39-0400
175,1011090,Brother Voodoo,2016-07-26T13:04:55-0400
176,1009209,Brotherhood of Evil Mutants,2014-06-16T10:40:40-0400
177,1014973,Brotherhood of Mutants (Ultimate),2012-07-10T19:23:41-0400
178,1009167,Bruce Banner,2012-01-14T21:29:21-0500
179,1009210,Brute,1969-12-31T19:00:00-0500
180,1009211,Bucky,2012-01-01T14:19:35-0500
181,1011038,Bug,1969-12-31T19:00:00-0500
182,1010887,Bulldozer,1969-12-31T19:00:00-0500
183,1009212,Bullseye,2016-02-03T16:49:50-0500
184,1009213,Bushwacker,1969-12-31T19:00:00-0500
185,1011101,Butterfly,1969-12-31T19:00:00-0500
186,1009214,Cable,2016-03-28T12:36:31-0400
187,1017317,Cable (Deadpool),2013-09-18T11:09:40-0400
188,1017307,Cable (Marvel: Avengers Alliance),2013-09-18T10:17:39-0400
189,1011252,Cable (Ultimate),2014-03-05T13:17:31-0500
190,1017472,Cable (X-Men: Battle of the Atom),2014-01-15T19:37:30-0500
191,1011209,Calamity,1969-12-31T19:00:00-0500
192,1009216,Caliban,2013-12-26T15:01:09-0500
193,1009217,Callisto,1969-12-31T19:00:00-0500
194,1010912,Callisto (Age of Apocalypse),2014-04-29T14:14:52-0400
195,1009218,Calypso,1969-12-31T19:00:00-0500
196,1011139,Cammi,1969-12-31T19:00:00-0500
197,1009219,Cannonball,2013-07-01T12:49:17-0400
198,1011276,Cap'n Oz,1969-12-31T19:00:00-0500
199,1009220,Captain America,2020-04-04T19:01:59-0400
200,1010914,Captain America (House of M),2014-03-05T13:17:50-0500
201,1017295,Captain America (LEGO Marvel Super Heroes),2013-09-18T11:15:29-0400
202,1017327,Captain America (Marvel War of Heroes),2013-09-18T11:00:38-0400
203,1017575,Captain America (Sam Wilson),2014-11-17T17:46:57-0500
204,1010913,Captain America (Ultimate),2014-03-05T13:17:57-0500
205,1017105,Captain America/Steve Rogers (MAA),2013-09-18T15:49:41-0400
206,1009223,Captain Britain,2016-02-01T14:12:29-0500
207,1017856,Captain Britain (Betsy Braddock),2021-08-05T18:54:18-0400
208,1010915,Captain Britain (Ultimate),1969-12-31T19:00:00-0500
209,1011190,Captain Cross,1969-12-31T19:00:00-0500
210,1011196,Captain Flint,1969-12-31T19:00:00-0500
211,1010338,Captain Marvel (Carol Danvers),2020-07-21T10:33:02-0400
212,1011096,Captain Marvel (Genis-Vell),1969-12-31T19:00:00-0500
213,1009224,Captain Marvel (Mar-Vell),2013-10-17T14:53:19-0400
214,1011095,Captain Marvel (Monica Rambeau),2016-06-16T14:25:15-0400
215,1011097,Captain Marvel (Phyla-Vell),1969-12-31T19:00:00-0500
216,1011355,Captain Midlands,1969-12-31T19:00:00-0500
217,1009225,Captain Stacy,1969-12-31T19:00:00-0500
218,1011027,Captain Universe,1969-12-31T19:00:00-0500
219,1011052,Cardiac,1969-12-31T19:00:00-0500
220,1010143,Caretaker,1969-12-31T19:00:00-0500
221,1009226,Cargill,1969-12-31T19:00:00-0500
222,1011258,Carlie Cooper,2011-09-08T16:50:58-0400
223,1009688,Carmella Unuscione,1969-12-31T19:00:00-0500
224,1009227,Carnage,2016-02-18T12:28:26-0500
225,1010916,Carnage (Ultimate),1969-12-31T19:00:00-0500
226,1009261,Carol Danvers,2012-06-06T15:38:57-0400
227,1009344,Carol Hines,1969-12-31T19:00:00-0500
228,1011937,Carrion (Malcolm McBride),2021-08-18T22:59:28-0400
229,1009478,Cassandra Nova,1969-12-31T19:00:00-0500
230,1009230,Catseye,1969-12-31T19:00:00-0500
231,1009536,Cecilia Reyes,2010-11-18T11:57:51-0500
232,1010813,Celestials,1969-12-31T19:00:00-0500
233,1011039,Centennial,1969-12-31T19:00:00-0500
234,1011140,Centurions,1969-12-31T19:00:00-0500
235,1009231,Cerebro,1969-12-31T19:00:00-0500
236,1011141,Cerise,1969-12-31T19:00:00-0500
237,1009232,Ch'od,1969-12-31T19:00:00-0500
238,1009233,Chamber,2011-05-27T13:35:17-0400
239,1009234,Chameleon,1969-12-31T19:00:00-0500
240,1010756,Champions,1969-12-31T19:00:00-0500
241,1011015,Changeling,1969-12-31T19:00:00-0500
242,1009733,Charles Xavier,1969-12-31T19:00:00-0500
243,1011331,Charlie Campion,1969-12-31T19:00:00-0500
244,1012019,Charlie-27,2021-08-27T18:07:53-0400
245,1010754,Chase Stein,2010-11-18T12:06:36-0500
246,1011359,Chat,2010-11-30T15:45:40-0500
247,1009237,Chimera,1969-12-31T19:00:00-0500
248,1011411,Chores MacGillicudy,1969-12-31T19:00:00-0500
249,1011187,Christian Walker,1969-12-31T19:00:00-0500
250,1009238,Chronomancer,1969-12-31T19:00:00-0500
251,1012065,Chthon,2021-08-27T18:19:19-0400
252,1011270,ClanDestine,1969-12-31T19:00:00-0500
253,1009239,Clea,1969-12-31T19:00:00-0500
254,1014999,Clea (Ultimate),2012-07-11T09:35:14-0400
255,1010809,Clint Barton,1969-12-31T19:00:00-0500
256,1009241,Cloak,2013-11-20T17:06:28-0500
257,1010823,Cloud 9,2013-10-24T13:17:04-0400
258,1011286,Cobalt Man,1969-12-31T19:00:00-0500
259,1010676,Colleen Wing,2013-11-01T16:27:00-0400
260,1010798,Colonel America,1969-12-31T19:00:00-0500
261,1009243,Colossus,2016-02-11T10:06:50-0500
262,1010917,Colossus (Ultimate),2011-07-13T14:24:54-0400
263,1011410,Confederates of the Curious,1969-12-31T19:00:00-0500
264,1009245,Constrictor,1969-12-31T19:00:00-0500
265,1011407,Contessa (Vera Vidal),1969-12-31T19:00:00-0500
266,1010346,Controller,1969-12-31T19:00:00-0500
267,1009246,Cornelius,1969-12-31T19:00:00-0500
268,1009247,Corsair,2011-06-02T16:58:21-0400
269,1011353,Cosmo (dog),2014-07-24T15:14:21-0400
270,1011362,Cottonmouth,1969-12-31T19:00:00-0500
271,1009249,Count Nefaria,1969-12-31T19:00:00-0500
272,1009250,Countess,1969-12-31T19:00:00-0500
273,1011272,Crimson Crusader,1969-12-31T19:00:00-0500
274,1009251,Crimson Dynamo,2013-10-24T13:17:13-0400
275,1017323,Crimson Dynamo (Iron Man 3 - The Official Game),2013-09-18T11:05:28-0400
276,1011169,Crimson King,1969-12-31T19:00:00-0500
277,1009252,Crossbones,2011-09-26T11:36:46-0400
278,1009253,Crule,1969-12-31T19:00:00-0500
279,1009254,Crusher Hogan,1969-12-31T19:00:00-0500
280,1014991,Crusher Hogan (Ultimate),2012-07-10T19:27:37-0400
281,1009255,Crystal,2013-10-24T13:17:35-0400
282,1011268,Cuckoo,1969-12-31T19:00:00-0500
283,1009244,Curt Conners,1969-12-31T19:00:00-0500
284,1011174,Cuthbert,1969-12-31T19:00:00-0500
285,1009256,Cyber,1969-12-31T19:00:00-0500
286,1009257,Cyclops,2016-07-05T14:30:06-0400
287,1010918,Cyclops (Ultimate),2014-03-05T13:27:26-0500
288,1017473,Cyclops (X-Men: Battle of the Atom),2014-01-15T19:39:15-0500
289,1011385,Cypher,2011-02-28T16:06:26-0500
290,1011050,D'Ken Neramani,1969-12-31T19:00:00-0500
291,1009258,Dagger,2013-11-20T17:06:21-0500
292,1010774,Daily Bugle,-0001-11-30T00:00:00-0500
293,1010719,Daimon Hellstrom,2012-10-12T17:25:43-0400
294,1011001,Daken,2013-08-07T13:54:38-0400
295,1011333,Dakota North,1969-12-31T19:00:00-0500
296,1009259,Damage Control,2016-09-06T11:36:18-0400
297,1009453,Dani Moonstar,2013-08-06T23:17:59-0400
298,1010776,Danny Rand,2004-04-14T00:00:00-0400
299,1009262,Daredevil,2020-03-04T16:09:36-0500
300,1017292,Daredevil (LEGO Marvel Super Heroes),2013-09-12T17:29:45-0400
301,1017312,Daredevil (Marvel Heroes),2013-09-18T10:54:10-0400
302,1010919,Daredevil (Ultimate),2014-03-05T13:27:19-0500
303,1011306,Dargo Ktor,1969-12-31T19:00:00-0500
304,1011367,Dark Avengers,2013-10-17T14:57:14-0400
305,1010907,Dark Beast,2013-10-17T14:41:37-0400
306,1009265,Dark Phoenix,2011-04-22T14:26:50-0400
307,1011387,Dark X-Men,1969-12-31T19:00:00-0500
308,1011020,Darkhawk,2013-10-24T13:16:45-0400
309,1009266,Darkstar,1969-12-31T19:00:00-0500
310,1011016,Darwin,1969-12-31T19:00:00-0500
311,1009267,Dazzler,2016-04-11T13:42:29-0400
312,1010920,Dazzler (Ultimate),1969-12-31T19:00:00-0500
313,1010341,Deacon Frost,1969-12-31T19:00:00-0500
314,1011087,Dead Girl,1969-12-31T19:00:00-0500
315,1009268,Deadpool,2020-04-04T19:02:15-0400
316,1017316,Deadpool (Deadpool),2013-09-18T11:09:55-0400
317,1017336,Deadpool (LEGO Marvel Super Heroes),2013-09-18T15:06:33-0400
318,1017474,Deadpool (X-Men: Battle of the Atom),2014-01-15T19:40:09-0500
319,1009269,Death,2013-10-17T14:52:53-0400
320,1009270,Deathbird,1969-12-31T19:00:00-0500
321,1011037,Deathcry,2014-04-29T14:46:34-0400
322,1010890,Deathlok,2014-06-20T14:45:18-0400
323,1014997,Deathstrike (Ultimate),2012-07-11T09:19:40-0400
324,1009713,Debra Whitman,1969-12-31T19:00:00-0500
325,1010717,Debrii,1969-12-31T19:00:00-0500
326,1011188,Deena Pilgrim,1969-12-31T19:00:00-0500
327,1011023,Defenders,2016-02-10T11:11:18-0500
328,1011071,Demogoblin,2014-04-29T14:23:54-0400
329,1009271,Destiny,1969-12-31T19:00:00-0500
330,1009272,Detective Soap,1969-12-31T19:00:00-0500
331,1011107,Deviants,1969-12-31T19:00:00-0500
332,1017583,Devil Dinosaur (Devil Dinosaur),2015-01-08T14:38:06-0500
333,1017102,Devil Dinosaur (HAS),2013-09-18T15:53:16-0400
334,1011142,Devos,1969-12-31T19:00:00-0500
335,1011260,Dexter Bennett,1969-12-31T19:00:00-0500
336,1009273,Diablo,1969-12-31T19:00:00-0500
337,1009274,Diamondback (Rachel Leighton),2013-10-24T13:17:17-0400
338,1011040,Dinah Soar,1969-12-31T19:00:00-0500
339,1010997,Dirk Anger,1969-12-31T19:00:00-0500
340,1009275,Doc Samson,2013-10-18T17:32:38-0400
341,1009281,Doctor Doom,2016-06-22T12:07:32-0400
342,1011103,Doctor Doom (Ultimate),2014-03-05T13:27:13-0500
343,1011206,Doctor Faustus,1969-12-31T19:00:00-0500
344,1009276,Doctor Octopus,2013-11-20T17:05:53-0500
345,1010921,Doctor Octopus (Ultimate),1969-12-31T19:00:00-0500
346,1010689,Doctor Spectrum,2011-05-05T13:07:29-0400
347,1009282,Doctor Strange,2020-07-21T10:33:36-0400
348,1011358,Doctor Strange (Ultimate),2014-03-05T13:24:09-0500
349,1011500,Doctor Voodoo,2021-08-26T23:03:24-0400
350,1011235,Dog Brother #1,2011-05-26T17:53:17-0400
351,1009277,Domino,2014-10-17T17:55:54-0400
352,1010330,Donald Blake,2010-11-18T13:32:33-0500
353,1009278,Doomsday Man,1969-12-31T19:00:00-0500
354,1009279,Doop,2014-01-09T14:13:41-0500
355,1010879,Doorman,1969-12-31T19:00:00-0500
356,1017835,Dora Milaje,2021-08-12T23:52:20-0400
357,1011195,Dorian Gray,1969-12-31T19:00:00-0500
358,1009280,Dormammu,2010-12-01T12:27:51-0500
359,1014992,Dormammu (Ultimate),2012-07-10T19:31:24-0400
360,1017300,Dr. Strange (Marvel: Avengers Alliance),2013-09-18T10:17:22-0400
361,1010677,Dracula,2014-02-20T20:49:31-0500
362,1011247,Dragon Lord,1969-12-31T19:00:00-0500
363,1009283,Dragon Man,2011-10-27T09:58:45-0400
364,1010735,Drax,2013-10-17T14:57:24-0400
365,1010368,Dreadnoughts,1969-12-31T19:00:00-0500
366,1015007,Dreaming Celestial,2012-08-07T10:03:40-0400
367,1011322,Druig,1969-12-31T19:00:00-0500
368,1009284,Dum Dum Dugan,2011-07-28T12:55:53-0400
369,1009285,Dust,1969-12-31T19:00:00-0500
370,1009286,Earthquake,1969-12-31T19:00:00-0500
371,1010785,Echo,2004-04-14T00:00:00-0400
372,1010787,Eddie Brock,2021-08-03T22:59:17-0400
373,1009396,Eddie Lau,1969-12-31T19:00:00-0500
374,1010999,"Edward ""Ted"" Forrester",1969-12-31T19:00:00-0500
375,1011072,Edwin Jarvis,2011-08-08T13:32:22-0400
376,1011060,Ego,2014-04-29T14:18:44-0400
377,1009287,Electro,2015-06-12T13:16:44-0400
378,1010922,Electro (Ultimate),1969-12-31T19:00:00-0500
379,1009288,Elektra,2017-08-21T16:51:16-0400
380,1010923,Elektra (Ultimate),2014-03-05T13:26:27-0500
381,1010355,Elements of Doom,1969-12-31T19:00:00-0500
382,1009290,Elite,1969-12-31T19:00:00-0500
383,1011082,Elixir,2013-11-01T16:26:56-0400
384,1011122,Elloe Kaifi,2013-10-24T13:17:25-0400
385,1010701,Elsa Bloodstone,1969-12-31T19:00:00-0500
386,1009310,Emma Frost,2016-07-05T14:28:45-0400
387,1009291,Empath,-0001-11-30T00:00:00-0500
388,1009292,Emplate,1969-12-31T19:00:00-0500
389,1010671,Enchantress (Amora),2013-11-01T16:26:51-0400
390,1011432,Enchantress (Sylvie Lushton),2016-02-01T14:18:56-0500
391,1011313,Ender Wiggin,2010-12-08T12:39:15-0500
392,1010445,Energizer,1969-12-31T19:00:00-0500
393,1011065,Epoch,1969-12-31T19:00:00-0500
394,1009293,Erik the Red,1969-12-31T19:00:00-0500
395,1010807,Eternals,2014-06-16T11:23:46-0400
396,1011061,Eternity,1969-12-31T19:00:00-0500
397,1010771,Excalibur,1969-12-31T19:00:00-0500
398,1012378,Executioner (Skurge),2021-08-13T00:17:53-0400
399,1009294,Exiles,2010-11-18T14:08:22-0500
400,1009295,Exodus,2013-10-24T13:17:29-0400
401,1009296,Expediter,1969-12-31T19:00:00-0500
402,1011199,Ezekiel,1969-12-31T19:00:00-0500
403,1011317,Ezekiel Stane,1969-12-31T19:00:00-0500
404,1009248,Fabian Cortez,1969-12-31T19:00:00-0500
405,1009297,Falcon,2016-06-02T12:31:51-0400
406,1017110,Falcon/Sam Wilson (MAA),2013-09-18T15:52:17-0400
407,1011143,Fallen One,1969-12-31T19:00:00-0500
408,1009298,Famine,1969-12-31T19:00:00-0500
409,1009299,Fantastic Four,2016-05-05T14:38:42-0400
410,1011013,Fantastic Four (Ultimate),1969-12-31T19:00:00-0500
411,1011111,Fantastick Four,1969-12-31T19:00:00-0500
412,1009301,Fantomex,2014-04-29T14:52:10-0400
413,1011233,Fat Cobra,2011-05-26T17:52:52-0400
414,1009335,Felicia Hardy,1969-12-31T19:00:00-0500
415,1009302,Fenris,1969-12-31T19:00:00-0500
416,1011213,Feral,1969-12-31T19:00:00-0500
417,1009303,Fin Fang Foom,2011-05-24T16:44:22-0400
418,1010868,Firebird,1969-12-31T19:00:00-0500
419,1009304,Firebrand,1969-12-31T19:00:00-0500
420,1014987,Firedrake,2010-11-18T15:58:52-0500
421,1009305,Firelord,2010-11-18T14:27:51-0500
422,1009306,Firestar,2013-10-17T14:57:09-0400
423,1011222,Firestar (Ultimate),2011-03-10T16:54:12-0500
424,1010880,Fixer (Paul Norbert Ebersol),2011-08-23T19:20:05-0400
425,1010863,Flatman,1969-12-31T19:00:00-0500
426,1010333,Flying Dutchman,1969-12-31T19:00:00-0500
427,1009470,Foggy Nelson,2015-03-30T16:58:58-0400
428,1009307,Force Works,2013-11-01T16:26:47-0400
429,1009308,Forearm,1969-12-31T19:00:00-0500
430,1009309,Forge,2013-10-24T13:28:57-0400
431,1014993,Forge (Ultimate),2012-07-10T19:32:29-0400
432,1011177,Forgotten One,1969-12-31T19:00:00-0500
433,1009229,Frank Castle,2004-04-14T00:00:00-0400
434,1011356,Frankenstein's Monster,2011-05-13T14:32:06-0400
435,1009539,Franklin Richards,2014-04-29T14:23:45-0400
436,1010980,Franklin Storm,1969-12-31T19:00:00-0500
437,1011240,Freak,1969-12-31T19:00:00-0500
438,1012478,Frenzy,2021-08-27T17:57:29-0400
439,1010799,Frightful Four,1969-12-31T19:00:00-0500
440,1011389,Frog Thor,1969-12-31T19:00:00-0500
441,1010670,Frog-Man,2011-06-08T12:00:18-0400
442,1009377,Gabe Jones,1969-12-31T19:00:00-0500
443,1009312,Galactus,2014-09-30T16:47:03-0400
444,1011384,Galia,1969-12-31T19:00:00-0500
445,1009313,Gambit,2016-03-14T12:47:45-0400
446,1011201,Gamma Corps,1969-12-31T19:00:00-0500
447,1010763,Gamora,2016-06-02T13:39:18-0400
448,1017324,Gamora (Marvel War of Heroes),2013-09-18T11:00:11-0400
449,1010832,Gargoyle,2004-04-14T00:00:00-0400
450,1012512,Gargoyle (Isaac Christians),2021-08-27T22:01:59-0400
451,1012513,Gargoyle (Yuri Topolov),2010-12-15T13:35:44-0500
452,1011380,Garia,1969-12-31T19:00:00-0500
453,1009383,Garrison Kane,1969-12-31T19:00:00-0500
454,1009315,Gateway,1969-12-31T19:00:00-0500
455,1009316,Gauntlet (Joseph Green),2014-04-29T14:42:58-0400
456,1011248,Geiger,2013-11-01T16:24:26-0400
457,1009556,Gene Sailors,1969-12-31T19:00:00-0500
458,1011285,Generation X,1969-12-31T19:00:00-0500
459,1009317,Genesis,1969-12-31T19:00:00-0500
460,1011098,Genis-Vell,1969-12-31T19:00:00-0500
461,1014974,George Stacy (Ultimate),2012-07-10T19:25:45-0400
462,1010749,Gertrude Yorkes,1969-12-31T19:00:00-0500
463,1010925,Ghost Rider (Daniel Ketch),2016-02-10T10:25:38-0500
464,1009318,Ghost Rider (Johnny Blaze),2016-02-10T10:25:28-0500
465,1017329,Ghost Rider (Marvel War of Heroes),2013-09-18T10:59:53-0400
466,1017833,Ghost Rider (Robbie Reyes),2022-03-08T12:44:01-0500
467,1011221,Giant Girl,1969-12-31T19:00:00-0500
468,1009320,Giant Man,2011-09-23T10:53:06-0400
469,1010720,Giant-dok,1969-12-31T19:00:00-0500
470,1010926,Giant-Man (Ultimate),1969-12-31T19:00:00-0500
471,1011055,Gideon,1969-12-31T19:00:00-0500
472,1012571,Gilgamesh,2021-08-12T23:30:35-0400
473,1014982,Git Hoskins,2010-11-18T15:54:36-0500
474,1009321,Gladiator (Kallark),2016-07-08T14:38:24-0400
475,1011256,Gladiator (Melvin Potter),1969-12-31T19:00:00-0500
476,1009645,Glenn Talbot,1969-12-31T19:00:00-0500
477,1011144,Glorian,1969-12-31T19:00:00-0500
478,1009322,Goblin Queen,2013-12-26T14:23:21-0500
479,1011374,Golden Guardian,1969-12-31T19:00:00-0500
480,1010927,Goliath (Bill Foster),2011-08-09T14:56:53-0400
481,1009324,Gorgon,2017-08-21T16:55:27-0400
482,1012610,Gorgon (Inhumans),2021-08-26T23:44:29-0400
483,1010731,Gorilla Man,2004-04-14T00:00:00-0400
484,1011076,Grandmaster,2017-08-21T14:39:21-0400
485,1012623,Graviton,2021-08-27T17:53:53-0400
486,1010702,Gravity,2013-10-17T15:01:40-0400
487,1011041,Great Lakes Avengers,1969-12-31T19:00:00-0500
488,1014985,Green Goblin (Barry Norman Osborn),2010-11-18T15:57:08-0500
489,1010928,Green Goblin (Harry Osborn),2016-08-25T16:51:27-0400
490,1011435,Green Goblin (Norman Osborn),2021-08-13T00:30:10-0400
491,1010929,Green Goblin (Ultimate),1969-12-31T19:00:00-0500
492,1009326,Gressill,1969-12-31T19:00:00-0500
493,1011420,Grey Gargoyle,2013-11-20T17:07:40-0500
494,1011292,Greymalkin,1969-12-31T19:00:00-0500
495,1009328,Grim Reaper,1969-12-31T19:00:00-0500
496,1010743,Groot,2013-10-17T15:01:37-0400
497,1009330,Guardian,2011-05-19T11:07:05-0400
498,1011299,Guardians of the Galaxy,2020-07-21T10:30:47-0400
499,1009331,Guardsmen,1969-12-31T19:00:00-0500
500,1010709,Gunslinger,2004-04-14T00:00:00-0400
501,1009207,GW Bridge,1969-12-31T19:00:00-0500
502,1009619,Gwen Stacy,2016-08-19T09:00:14-0400
503,1014994,Gwen Stacy (Ultimate),2012-07-10T19:38:29-0400
504,1011400,H.A.M.M.E.R.,1969-12-31T19:00:00-0500
505,1009332,H.E.R.B.I.E.,2012-03-20T12:48:36-0400
506,1011391,Hairball,1969-12-31T19:00:00-0500
507,1009333,Half-Life (Tony Masterson),1969-12-31T19:00:00-0500
508,1009334,Hammerhead,1969-12-31T19:00:00-0500
509,1014995,Hammerhead (Ultimate),2012-07-11T09:13:15-0400
510,1011490,Hank Pym,2015-06-01T16:59:16-0400
511,1011091,Hannibal King,1969-12-31T19:00:00-0500
512,1009348,Happy Hogan,2010-11-03T10:00:46-0400
513,1010821,Hardball,2014-04-29T14:43:14-0400
514,1011185,Harley Davidson Cooper,1969-12-31T19:00:00-0500
515,1009336,Harpoon,1969-12-31T19:00:00-0500
516,1011069,Harrier,1969-12-31T19:00:00-0500
517,1009339,Harry Heck,1969-12-31T19:00:00-0500
518,1009486,Harry Osborn,2012-02-02T14:04:39-0500
519,1011218,Harry Osborn (Ultimate),1969-12-31T19:00:00-0500
520,1010816,Hate-Monger (Adolf Hitler),1969-12-31T19:00:00-0500
521,1009337,Havok,2013-10-23T12:39:26-0400
522,1009338,Hawkeye,2016-06-22T12:53:31-0400
523,1010808,Hawkeye (Kate Bishop),2014-12-09T17:25:54-0500
524,1017311,Hawkeye (Marvel Heroes),2013-09-18T10:53:45-0400
525,1011131,Hawkeye (Ultimate),2014-03-05T13:26:13-0500
526,1017108,Hawkeye/Clint Barton (MAA),2013-09-18T15:48:47-0400
527,1012767,Hecate (Ravonna Renslayer),2021-08-18T19:26:34-0400
528,1011046,Hedge Knight,1969-12-31T19:00:00-0500
529,1011482,Hela,2021-08-12T22:15:07-0400
530,1010351,Hellcat (Patsy Walker),2011-03-07T13:02:34-0500
531,1009340,Hellfire Club,1969-12-31T19:00:00-0500
532,1014996,Hellfire Club (Ultimate),2012-07-11T09:14:59-0400
533,1010678,Hellion,1969-12-31T19:00:00-0500
534,1011044,Hellions (Squad),1969-12-31T19:00:00-0500
535,1009341,Hemingway,1969-12-31T19:00:00-0500
536,1011371,Henry Peter Gyrich,2014-04-29T14:23:23-0400
537,1009342,Hepzibah,-0001-11-30T00:00:00-0500
538,1009343,Hercules,2013-11-14T14:47:08-0500
539,1010759,Heroes For Hire,2010-11-29T16:22:27-0500
540,1011274,Hex,1969-12-31T19:00:00-0500
541,1011300,High Evolutionary,2013-10-24T13:29:06-0400
542,1010839,Hindsight Lad,1969-12-31T19:00:00-0500
543,1010703,Hiroim,2013-11-20T17:14:00-0500
544,1011442,Hit-Monkey,2022-04-14T19:56:30-0400
545,1009345,Hitman,1969-12-31T19:00:00-0500
546,1011383,Hitomi Sakuma,1969-12-31T19:00:00-0500
547,1010930,Hobgoblin (Jason Macendale),1969-12-31T19:00:00-0500
548,1010931,Hobgoblin (Robin Borne),1969-12-31T19:00:00-0500
549,1009347,Hobgoblin (Roderick Kingsley),2011-02-01T12:51:12-0500
550,1009349,Holocaust (Age of Apocalypse),1969-12-31T19:00:00-0500
551,1009350,Holy,1969-12-31T19:00:00-0500
552,1017844,Honey Badger (Gabrielle Kinney),2021-08-12T23:16:38-0400
553,1011428,Hope Summers,2013-02-05T13:57:56-0500
554,1009557,Howard Saint,1969-12-31T19:00:00-0500
555,1010373,Howard The Duck,2011-05-13T14:31:47-0400
556,1009351,Hulk,2020-07-21T10:35:15-0400
557,1017098,Hulk (HAS),2013-09-12T14:06:16-0400
558,1017333,Hulk (LEGO Marvel Super Heroes),2013-09-18T11:15:54-0400
559,1011118,Hulk (Marvel Zombies),2014-03-05T13:25:50-0500
560,1017303,Hulk (Marvel: Avengers Alliance),2013-09-18T10:17:06-0400
561,1011005,Hulk (Ultimate),2014-03-05T13:25:55-0500
562,1010721,Hulk-dok,1969-12-31T19:00:00-0500
563,1017107,Hulk/Bruce Banner (MAA),2013-09-18T15:49:50-0400
564,1009355,Hulkling,2011-03-10T15:02:10-0500
565,1010343,Human Cannonball,1969-12-31T19:00:00-0500
566,1011415,Human Fly (Richard Deacon),1969-12-31T19:00:00-0500
567,1010722,Human Robot,1969-12-31T19:00:00-0500
568,1009356,Human Torch,2013-10-18T17:31:30-0400
569,1010932,Human Torch (Jim Hammond),2014-05-20T18:01:17-0400
570,1011102,Human Torch (Ultimate),2014-03-05T13:26:00-0500
571,1010675,Humbug,1969-12-31T19:00:00-0500
572,1009357,Husk,1969-12-31T19:00:00-0500
573,1009358,Hussar,1969-12-31T19:00:00-0500
574,1009359,Hydra,1969-12-31T19:00:00-0500
575,1009360,Hydro-Man,1969-12-31T19:00:00-0500
576,1009361,Hyperion (Earth-712),1969-12-31T19:00:00-0500
577,1011246,Hypno-Hustler,1969-12-31T19:00:00-0500
578,1009362,Iceman,2016-02-03T13:38:53-0500
579,1010933,Iceman (Ultimate),2014-03-05T13:37:05-0500
580,1017475,Iceman (X-Men: Battle of the Atom),2014-01-16T13:12:41-0500
581,1011077,Ikaris,1969-12-31T19:00:00-0500
582,1010758,Illuminati,2013-10-17T15:01:33-0400
583,1009529,Ilyana Rasputin,1969-12-31T19:00:00-0500
584,1012923,Immortus,2021-08-13T00:16:13-0400
585,1011273,Imp,1969-12-31T19:00:00-0500
586,1011089,Imperfects,1969-12-31T19:00:00-0500
587,1009363,Imperial Guard,2016-07-08T14:38:03-0400
588,1009364,Impossible Man,1969-12-31T19:00:00-0500
589,1011063,In-Betweener,2011-05-23T16:36:40-0400
590,1011064,Inertia,1969-12-31T19:00:00-0500
591,1011146,Infant Terrible,1969-12-31T19:00:00-0500
592,1009365,Inhumans,2016-07-08T15:02:03-0400
593,1011293,Ink,1969-12-31T19:00:00-0500
594,1011024,Invaders,2014-06-13T14:01:12-0400
595,1009366,Invisible Woman,2013-10-24T13:48:00-0400
596,1017301,Invisible Woman (Marvel: Avengers Alliance),2013-09-18T10:16:47-0400
597,1010934,Invisible Woman (Ultimate),2010-12-08T15:02:10-0500
598,1011379,Iron Cross Army,1969-12-31T19:00:00-0500
599,1011318,Iron Fist (Bei Bang-Wen),1969-12-31T19:00:00-0500
600,1009367,Iron Fist (Danny Rand),2017-08-21T16:49:13-0400
601,1010888,Iron Fist (Orson Randall),2014-03-05T13:37:33-0500
602,1011413,Iron Fist (Quan Yaozu),2014-03-05T13:36:07-0500
603,1016839,Iron Fist (USM),2013-09-18T15:55:48-0400
604,1011412,Iron Fist (Wu Ao-Shi),2014-03-05T13:39:42-0500
605,1010704,Iron Lad,2011-03-10T14:57:04-0500
606,1009368,Iron Man,2016-09-28T12:08:19-0400
607,1017320,Iron Man (Iron Man 3 - The Official Game),2013-09-18T11:05:44-0400
608,1017294,Iron Man (LEGO Marvel Super Heroes),2013-09-18T17:03:08-0400
609,1017310,Iron Man (Marvel Heroes),2013-09-18T10:53:29-0400
610,1017326,Iron Man (Marvel War of Heroes),2013-09-18T10:59:29-0400
611,1010935,Iron Man (Ultimate),2014-03-05T13:37:05-0500
612,1017104,Iron Man/Tony Stark (MAA),2013-09-18T15:49:18-0400
613,1009371,Iron Monger,1969-12-31T19:00:00-0500
614,1009487,Iron Patriot,1969-12-31T19:00:00-0500
615,1009538,Iron Patriot (James Rhodes),2015-11-23T17:46:51-0500
616,1010844,Ironclad,1969-12-31T19:00:00-0500
617,1017831,Ironheart (Riri Williams),2021-08-04T12:13:18-0400
618,1011876,Isaiah Bradley,2021-08-12T23:46:14-0400
619,1009372,J. Jonah Jameson,2016-08-05T14:11:58-0400
620,1010736,Jack Flag,1969-12-31T19:00:00-0500
621,1010786,Jack Murdock,1969-12-31T19:00:00-0500
622,1010766,Jack O' Lantern,1969-12-31T19:00:00-0500
623,1011251,Jack Power,1969-12-31T19:00:00-0500
624,1011288,Jackal,2011-05-12T15:32:42-0400
625,1011259,Jackpot,1969-12-31T19:00:00-0500
626,1010775,James Buchanan Barnes,2004-04-14T00:00:00-0400
627,1010777,James Howlett,1969-12-31T19:00:00-0500
628,1011343,Jamie Braddock,2004-04-14T00:00:00-0400
629,1010329,Jane Foster,2013-10-31T20:23:49-0400
630,1010878,"Janus, the Nega-Man",1969-12-31T19:00:00-0500
631,1009597,Jasper Sitwell,1969-12-31T19:00:00-0500
632,1011344,Jazinda,1969-12-31T19:00:00-0500
633,1009496,Jean Grey,2013-08-01T15:38:33-0400
634,1009327,Jean Grey,2013-11-20T17:15:32-0500
635,1010946,Jean Grey (Ultimate),2014-03-05T13:40:08-0500
636,1009604,Jennifer Smith,1969-12-31T19:00:00-0500
637,1011404,Jeryn Hogarth,1969-12-31T19:00:00-0500
638,1010667,Jessica Drew,-0001-11-30T00:00:00-0500
639,1009378,Jessica Jones,2017-08-21T14:47:52-0400
640,1009373,Jetstream,1969-12-31T19:00:00-0500
641,1009374,Jigsaw,2010-11-03T12:10:46-0400
642,1011105,Jimmy Woo,1969-12-31T19:00:00-0500
643,1009375,Joan the Mouse,1969-12-31T19:00:00-0500
644,1009376,Jocasta,2011-05-27T10:33:33-0400
645,1011171,John Farson,1969-12-31T19:00:00-0500
646,1010812,John Jameson,2010-11-04T14:37:23-0400
647,1009500,John Porter,1969-12-31T19:00:00-0500
648,1009721,John Wraith,1969-12-31T19:00:00-0500
649,1009196,Johnny Blaze,1969-12-31T19:00:00-0500
650,1009630,Johnny Storm,1969-12-31T19:00:00-0500
651,1009380,Joseph,2013-10-17T15:01:27-0400
652,1010938,Joshua Kane,1969-12-31T19:00:00-0500
653,1010937,Josiah X,1969-12-31T19:00:00-0500
654,1011033,Joystick,1969-12-31T19:00:00-0500
655,1009381,Jubilee,2016-02-10T09:46:54-0500
656,1010936,Jubilee (Age of Apocalypse),2014-04-30T16:56:11-0400
657,1009382,Juggernaut,2013-11-20T17:15:17-0500
658,1010772,Jule Carpenter,1969-12-31T19:00:00-0500
659,1010679,Julian Keller,1969-12-31T19:00:00-0500
660,1011314,Junta,1969-12-31T19:00:00-0500
661,1010760,Justice,1969-12-31T19:00:00-0500
662,1011310,Justin Hammer,2010-11-08T15:51:15-0500
663,1011081,Ka-Zar,2016-02-04T12:31:16-0500
664,1011193,Kabuki,1969-12-31T19:00:00-0500
665,1009384,Kang,2013-10-24T13:55:04-0400
666,1014983,Karen O'Malley,2010-11-18T15:55:23-0500
667,1011357,Karen Page,2017-08-21T16:53:37-0400
668,1011386,Karma,2013-01-22T14:03:05-0500
669,1009385,Karnak,2017-08-21T16:58:04-0400
670,1010752,Karolina Dean ,2012-02-27T13:46:54-0500
671,1010783,Kat Farrell,1969-12-31T19:00:00-0500
672,1010810,Kate Bishop,1969-12-31T19:00:00-0500
673,1011250,Katie Power,1969-12-31T19:00:00-0500
674,1011319,Ken Ellis,1969-12-31T19:00:00-0500
675,1009386,Khan,1969-12-31T19:00:00-0500
676,1010893,Kid Colt,1969-12-31T19:00:00-0500
677,1011397,Killer Shrike,1969-12-31T19:00:00-0500
678,1011289,Killmonger,2017-08-21T14:43:06-0400
679,1011116,Killraven,1969-12-31T19:00:00-0500
680,1009388,King Bedlam,1969-12-31T19:00:00-0500
681,1010842,King Cobra,1969-12-31T19:00:00-0500
682,1009389,Kingpin,2013-10-17T15:05:59-0400
683,1011308,Kinsey Walden,1969-12-31T19:00:00-0500
684,1009508,Kitty Pryde,2014-05-22T19:08:23-0400
685,1017476,Kitty Pryde (X-Men: Battle of the Atom),2014-01-15T19:42:16-0500
686,1009390,Klaw,2013-10-17T15:06:08-0400
687,1010818,Komodo (Melati Kusuma),2014-04-29T14:54:48-0400
688,1011147,Korath,1969-12-31T19:00:00-0500
689,1011080,Korg,2013-10-24T13:29:14-0400
690,1011312,Korvac,2011-03-10T16:31:51-0500
691,1013133,Krakoa,2021-08-12T23:51:15-0400
692,1009391,Kraven the Hunter,2013-11-01T16:34:52-0400
693,1011148,Kree,2014-06-17T17:36:40-0400
694,1015017,Krista Starr,2010-11-12T14:47:14-0500
695,1011178,Kronos,1969-12-31T19:00:00-0500
696,1011029,Kulan Gath,1969-12-31T19:00:00-0500
697,1013163,Kwannon,2021-08-27T18:22:21-0400
698,1011058,Kylun,1969-12-31T19:00:00-0500
699,1009392,La Nuit,1969-12-31T19:00:00-0500
700,1011327,Lady Bullseye,2011-10-05T16:29:56-0400
701,1009393,Lady Deathstrike,2014-04-29T14:52:35-0400
702,1011014,Lady Mastermind,1969-12-31T19:00:00-0500
703,1014977,Lady Ursula,2010-11-18T15:49:56-0500
704,1014976,Lady Vermin,2010-11-18T15:49:03-0500
705,1009394,Lake,1969-12-31T19:00:00-0500
706,1009395,Landau,1969-12-31T19:00:00-0500
707,1009397,Lava-Man,1969-12-31T19:00:00-0500
708,1011100,Layla Miller,2013-11-01T16:27:04-0400
709,1009398,Leader,2013-12-26T14:45:52-0500
710,1011092,Leech,2011-10-27T09:59:24-0400
711,1009399,Legion,2017-08-24T12:36:39-0400
712,1011403,"Lei Kung, The Thunderer",1969-12-31T19:00:00-0500
713,1009166,Lenny Balinger,1969-12-31T19:00:00-0500
714,1011186,Leo (Zodiac),1969-12-31T19:00:00-0500
715,1010340,Leopardon,1969-12-31T19:00:00-0500
716,1011375,Leper Queen,1969-12-31T19:00:00-0500
717,1014988,Lester,2010-11-18T15:59:42-0500
718,1011421,Lethal Legion,1969-12-31T19:00:00-0500
719,1010977,Lieutenant Marcus Stone,1969-12-31T19:00:00-0500
720,1009401,Lifeguard,1969-12-31T19:00:00-0500
721,1011408,Lightning Lords of Nepal,1969-12-31T19:00:00-0500
722,1010450,Lightspeed,1969-12-31T19:00:00-0500
723,1009236,Lila Cheney,1969-12-31T19:00:00-0500
724,1009402,Lilandra,2013-11-01T16:34:54-0400
725,1011074,Lilith,2013-11-01T16:34:58-0400
726,1011257,Lily Hollister,1969-12-31T19:00:00-0500
727,1010337,Lionheart,1969-12-31T19:00:00-0500
728,1011444,Living Laser,2021-08-27T18:18:14-0400
729,1010854,Living Lightning,1969-12-31T19:00:00-0500
730,1011036,Living Mummy,1969-12-31T19:00:00-0500
731,1011059,Living Tribunal,1969-12-31T19:00:00-0500
732,1009403,Liz Osborn,1969-12-31T19:00:00-0500
733,1009404,Lizard,2013-11-20T17:15:11-0500
734,1010939,Lizard (Ultimate),1969-12-31T19:00:00-0500
735,1011414,Loa,2013-11-01T16:32:33-0400
736,1009405,Lockheed,1969-12-31T19:00:00-0500
737,1009406,Lockjaw,1969-12-31T19:00:00-0500
738,1010363,Logan,1969-12-31T19:00:00-0500
739,1009407,Loki,2017-08-21T16:45:34-0400
740,1017299,Loki (LEGO Marvel Super Heroes),2013-09-18T11:21:22-0400
741,1010768,Loners,1969-12-31T19:00:00-0500
742,1009408,Longshot,2011-09-09T10:27:56-0400
743,1010940,Longshot (Ultimate),1969-12-31T19:00:00-0500
744,1011145,Lord Hawal,1969-12-31T19:00:00-0500
745,1014980,Lord Tyger,2010-11-18T15:53:02-0500
746,1011283,Lords of Avalon,1969-12-31T19:00:00-0500
747,1009260,Lorna Dane,1969-12-31T19:00:00-0500
748,1009409,Luckman,1969-12-31T19:00:00-0500
749,1011405,Lucky Pierre,1969-12-31T19:00:00-0500
750,1010751,Lucy in the Sky,1969-12-31T19:00:00-0500
751,1009215,Luke Cage,2017-08-08T14:53:35-0400
752,1011200,Luminals,1969-12-31T19:00:00-0500
753,1017854,Luna Snow (Luna Snow),2021-08-18T23:16:11-0400
754,1010896,Lyja,1969-12-31T19:00:00-0500
755,1011068,M (Monet St. Croix),2011-09-07T09:45:28-0400
756,1011004,M.O.D.A.M.,1969-12-31T19:00:00-0500
757,1011320,M.O.D.O.G.,1969-12-31T19:00:00-0500
758,1010726,M.O.D.O.K.,2013-10-17T15:06:22-0400
759,1017321,M.O.D.O.K. (Iron Man 3 - The Official Game),2013-09-18T11:06:00-0400
760,1009418,Ma Gnuci,1969-12-31T19:00:00-0500
761,1009314,Mac Gargan,1969-12-31T19:00:00-0500
762,1010851,Mach IV,2011-05-20T16:26:25-0400
763,1010805,Machine Man,2012-01-18T12:42:25-0500
764,1009411,Mad Thinker,2013-11-01T16:34:17-0400
765,1009412,Madame Hydra,2011-11-16T10:53:44-0500
766,1010352,Madame Masque,1969-12-31T19:00:00-0500
767,1010796,Madame Web (Julia Carpenter),2013-11-12T15:28:51-0500
768,1010724,Maddog,1969-12-31T19:00:00-0500
769,1009509,Madelyne Pryor,2013-11-20T17:15:09-0500
770,1011205,Madripoor,1969-12-31T19:00:00-0500
771,1009413,Madrox,2013-11-01T16:34:26-0400
772,1011053,Maelstrom,1969-12-31T19:00:00-0500
773,1011328,Maestro,2011-01-07T17:09:01-0500
774,1010867,Magdalene,1969-12-31T19:00:00-0500
775,1009414,Maggott,1969-12-31T19:00:00-0500
776,1010942,Magik (Amanda Sefton),2011-07-14T14:29:29-0400
777,1009415,Magik (Illyana Rasputin),2013-10-24T13:46:00-0400
778,1011135,Maginty,1969-12-31T19:00:00-0500
779,1009416,Magma (Amara Aquilla),2011-02-28T16:06:13-0500
780,1009417,Magneto,2016-02-10T15:55:02-0500
781,1010944,Magneto (Age of Apocalypse),2014-03-05T13:40:56-0500
782,1010945,Magneto (House of M),2014-03-05T13:40:48-0500
783,1010943,Magneto (Ultimate),2014-03-05T13:42:37-0500
784,1017477,Magneto (X-Men: Battle of the Atom),2014-01-15T19:43:09-0500
785,1010904,Magus (Adam Warlock),1969-12-31T19:00:00-0500
786,1011364,Magus (Technarch),1969-12-31T19:00:00-0500
787,1011085,Major Mapleleaf,1969-12-31T19:00:00-0500
788,1010725,Makkari,1969-12-31T19:00:00-0500
789,1009242,Malcolm Colcord,1969-12-31T19:00:00-0500
790,1013479,Malekith,2021-08-27T18:05:16-0400
791,1011229,Malice (Earth-161),1969-12-31T19:00:00-0500
792,1009420,Man-Thing,2011-05-13T14:31:28-0400
793,1010811,Man-Wolf,1969-12-31T19:00:00-0500
794,1009421,Mandarin,2014-04-29T14:23:39-0400
795,1011243,Mandrill,1969-12-31T19:00:00-0500
796,1009422,Mandroid,1969-12-31T19:00:00-0500
797,1009423,Manta,1969-12-31T19:00:00-0500
798,1011026,Mantis,2013-11-01T16:34:14-0400
799,1009424,Marauders,2013-12-17T17:48:07-0500
800,1015018,Marcus Van Sciver,2010-11-12T14:47:59-0500
801,1011335,Maria Hill,2014-05-30T14:29:18-0400
802,1009735,Mariko Yashida,1969-12-31T19:00:00-0500
803,1009425,Marrow,1969-12-31T19:00:00-0500
804,1011173,Marten Broadcloak,1969-12-31T19:00:00-0500
805,1011263,Martin Li,1969-12-31T19:00:00-0500
806,1011350,Marvel Apes,1969-12-31T19:00:00-0500
807,1009427,Marvel Boy,1969-12-31T19:00:00-0500
808,1011002,Marvel Zombies,2010-11-30T15:55:43-0500
809,1011417,Marvex,1969-12-31T19:00:00-0500
810,1009708,Mary Jane Watson,2016-07-11T11:13:42-0400
811,1010993,Mary Jane Watson (House of M),1969-12-31T19:00:00-0500
812,1011203,Mary Jane Watson (Ultimate),2011-05-03T13:02:57-0400
813,1010869,Masked Marvel (Unrevealed),1969-12-31T19:00:00-0500
814,1010367,Masque,1969-12-31T19:00:00-0500
815,1010732,Master Chief,2004-04-14T00:00:00-0400
816,1009433,Master Mold,1969-12-31T19:00:00-0500
817,1009434,Mastermind,2011-12-15T16:49:15-0500
818,1011279,Masters of Evil,1969-12-31T19:00:00-0500
819,1010877,Mathemanic,1969-12-31T19:00:00-0500
820,1009677,Matsu'o Tsurayaba,1969-12-31T19:00:00-0500
821,1009463,Matthew Murdock,1969-12-31T19:00:00-0500
822,1010793,Mattie Franklin,1969-12-31T19:00:00-0500
823,1009436,Mauler,1969-12-31T19:00:00-0500
824,1010947,Maverick (Chris Bradley),1969-12-31T19:00:00-0500
825,1009437,Maverick (Christoph Nord),1969-12-31T19:00:00-0500
826,1011305,Maximus,2013-11-01T16:34:10-0400
827,1009490,May Parker,2016-05-31T12:14:09-0400
828,1009438,Medusa,2016-07-08T15:02:13-0400
829,1011399,Meggan,-0001-11-30T00:00:00-0500
830,1009439,Meltdown,1969-12-31T19:00:00-0500
831,1011241,Menace,1969-12-31T19:00:00-0500
832,1011099,Mentallo,1969-12-31T19:00:00-0500
833,1011184,Mentor,1969-12-31T19:00:00-0500
834,1009440,Mephisto,2016-05-05T12:17:52-0400
835,1009441,Mephistopheles,1969-12-31T19:00:00-0500
836,1010681,Mercury,1969-12-31T19:00:00-0500
837,1009442,Mesmero,1969-12-31T19:00:00-0500
838,1009443,Metal Master,1969-12-31T19:00:00-0500
839,1010361,Meteorite,1969-12-31T19:00:00-0500
840,1011340,MI: 13,1969-12-31T19:00:00-0500
841,1009444,Micro/Macro,1969-12-31T19:00:00-0500
842,1010690,Microbe,1969-12-31T19:00:00-0500
843,1011134,Microchip,1969-12-31T19:00:00-0500
844,1010871,Micromax,1969-12-31T19:00:00-0500
845,1010891,Midnight (Earth-811),1969-12-31T19:00:00-0500
846,1010924,Miek,2013-11-01T16:30:56-0400
847,1009530,Mikhail Rasputin,1969-12-31T19:00:00-0500
848,1011192,Millenium Guard,1969-12-31T19:00:00-0500
849,1010894,Millie the Model,1969-12-31T19:00:00-0500
850,1009445,Mimic,1969-12-31T19:00:00-0500
851,1011204,Mindworm,1969-12-31T19:00:00-0500
852,1013727,Miracleman,2014-11-17T16:52:49-0500
853,1011424,Miss America,1969-12-31T19:00:00-0500
854,1009446,Mister Fear,1969-12-31T19:00:00-0500
855,1009447,Mister Sinister,2016-02-01T15:53:17-0500
856,1017318,Mister Sinister (Deadpool),2013-09-18T11:10:21-0400
857,1010948,Mister Sinister (House of M),1969-12-31T19:00:00-0500
858,1011254,Mister Sinister (Ultimate),1969-12-31T19:00:00-0500
859,1010682,Misty Knight,2016-09-27T09:17:07-0400
860,1011220,Mockingbird,2015-11-20T12:04:34-0500
861,1009410,Moira MacTaggert,2011-04-21T12:00:52-0400
862,1010941,Moira MacTaggert (Ultimate),1969-12-31T19:00:00-0500
863,1009448,Mojo,2014-03-07T20:01:43-0500
864,1009449,Mole Man,2012-03-20T12:18:14-0400
865,1011019,Molecule Man,2013-11-20T17:15:03-0500
866,1010691,Molly Hayes,2012-02-27T13:49:42-0500
867,1009541,Molly Von Richtofen,1969-12-31T19:00:00-0500
868,1011370,Molten Man,1969-12-31T19:00:00-0500
869,1010876,Mongoose,1969-12-31T19:00:00-0500
870,1009450,Mongu (Unrevealed),1969-12-31T19:00:00-0500
871,1010331,Monster Badoon,1969-12-31T19:00:00-0500
872,1017814,Moon Girl (Lunella Layfayette),2019-10-16T16:28:05-0400
873,1009452,Moon Knight,2016-03-18T16:31:20-0400
874,1010949,Moon Knight (House of M),1969-12-31T19:00:00-0500
875,1014998,Moon Knight (Ultimate),2012-07-11T09:22:11-0400
876,1009451,Moondragon,1969-12-31T19:00:00-0500
877,1010362,Moonstone,2014-04-29T14:50:49-0400
878,1009454,Morbius,2016-02-10T11:29:12-0500
879,1010902,Mordo,1969-12-31T19:00:00-0500
880,1009455,Morg,1969-12-31T19:00:00-0500
881,1013190,Morgan Le Fay,2021-08-27T17:32:48-0400
882,1009623,Morgan Stark,1969-12-31T19:00:00-0500
883,1011008,Morlocks,2014-05-23T11:45:28-0400
884,1011088,Morlun,2013-11-01T16:42:27-0400
885,1009456,Morph,1969-12-31T19:00:00-0500
886,1009457,Mother Askani,1969-12-31T19:00:00-0500
887,1009458,Mr. Bumpo,1969-12-31T19:00:00-0500
888,1009459,Mr. Fantastic,2016-02-11T10:51:21-0500
889,1010950,Mr. Fantastic (Ultimate),2014-03-05T13:42:53-0500
890,1010900,Mr. Fish,1969-12-31T19:00:00-0500
891,1009460,Mr. Fixit,1969-12-31T19:00:00-0500
892,1010347,Mr. Hyde,1969-12-31T19:00:00-0500
893,1010840,Mr. Immortal,1969-12-31T19:00:00-0500
894,1014984,Mr. Meugniot,2010-11-18T15:56:17-0500
895,1011244,Mr. Negative,2018-04-04T20:15:35-0400
896,1009461,Mr. Payback,1969-12-31T19:00:00-0500
897,1009462,Mr. X,1969-12-31T19:00:00-0500
898,1017824,Ms. America (America Chavez),2021-08-06T11:31:01-0400
899,1017577,Ms. Marvel (Kamala Khan),2016-04-29T15:02:56-0400
900,1011372,MS2,1969-12-31T19:00:00-0500
901,1011210,Mulholland Black,1969-12-31T19:00:00-0500
902,1011056,Multiple Man,2011-04-28T10:43:48-0400
903,1010826,MVP,1969-12-31T19:00:00-0500
904,1009464,Mysterio,2011-01-25T15:41:53-0500
905,1010951,Mysterio (Daniel Berkhart),1969-12-31T19:00:00-0500
906,1010952,Mysterio (Francis Klum),1969-12-31T19:00:00-0500
907,1009465,Mystique,2014-06-05T17:08:23-0400
908,1010953,Mystique (Age of Apocalypse),2013-11-20T17:14:59-0500
909,1010954,Mystique (House of M),1969-12-31T19:00:00-0500
910,1011129,Mystique (Ultimate),1969-12-31T19:00:00-0500
911,1013483,Nakia (Nakia),2017-08-24T16:48:01-0400
912,1009466,Namor,2016-05-26T09:29:39-0400
913,1009468,Namora,2011-09-07T16:36:43-0400
914,1009469,Namorita,2013-11-20T17:14:56-0500
915,1014978,Naoko,2010-11-18T15:50:39-0500
916,1009547,Natasha Romanoff,1969-12-31T19:00:00-0500
917,1010365,Nebula,2014-07-17T14:47:55-0400
918,1011302,Nehzno,1969-12-31T19:00:00-0500
919,1011422,Nekra,1969-12-31T19:00:00-0500
920,1011086,Nemesis,2004-04-14T00:00:00-0400
921,1010831,Network,1969-12-31T19:00:00-0500
922,1010815,New Goblin,1969-12-31T19:00:00-0500
923,1011336,New Mutants,2017-10-13T10:18:07-0400
924,1010683,New Warriors,2013-11-01T16:41:52-0400
925,1011271,New X-Men,2014-04-29T14:50:14-0400
926,1011269,Newton Destine,1969-12-31T19:00:00-0500
927,1011303,Next Avengers,1969-12-31T19:00:00-0500
928,1010685,Nextwave,1969-12-31T19:00:00-0500
929,1009471,Nick Fury,2016-02-10T10:01:27-0500
930,1017298,Nick Fury (LEGO Marvel Super Heroes),2013-09-12T17:37:19-0400
931,1011007,Nick Fury (Ultimate),1969-12-31T19:00:00-0500
932,1010746,Nico Minoru,1969-12-31T19:00:00-0500
933,1010706,Nicolaos,1969-12-31T19:00:00-0500
934,1011282,Night Nurse (Earth-9997),1969-12-31T19:00:00-0500
935,1014057,Night Nurse (Linda Carter),2021-08-27T17:46:06-0400
936,1010684,Night Thrasher,2017-08-24T16:58:26-0400
937,1014063,Night Thrasher (Dwayne Taylor),2017-08-24T16:58:59-0400
938,1009472,Nightcrawler,2013-10-17T15:06:41-0400
939,1011337,Nightcrawler (Ultimate),1969-12-31T19:00:00-0500
940,1010349,Nighthawk,2011-05-13T14:31:56-0400
941,1009473,Nightmare,2016-06-16T14:58:09-0400
942,1011124,Nightshade,1969-12-31T19:00:00-0500
943,1011409,Nine-Fold Daughters of Xao,1969-12-31T19:00:00-0500
944,1010797,Nitro,1969-12-31T19:00:00-0500
945,1009474,Nocturne,1969-12-31T19:00:00-0500
946,1009475,Nomad,1969-12-31T19:00:00-0500
947,1011427,Nomad (Rikki Barnes),2010-11-18T16:43:35-0500
948,1010955,Nomad (Steve Rogers),1969-12-31T19:00:00-0500
949,1009325,Norman Osborn,2013-07-18T13:46:24-0400
950,1010063,Norrin Radd,1969-12-31T19:00:00-0500
951,1009476,Northstar,2012-05-30T14:06:10-0400
952,1009477,Nova,2016-08-25T14:11:04-0400
953,1010956,Nova (Frankie Raye),2014-03-05T13:43:01-0500
954,1017078,Nova (Sam Alexander),2014-12-18T23:44:59-0500
955,1016837,Nova (USM),2013-09-18T15:55:09-0400
956,1010707,Nuke,1969-12-31T19:00:00-0500
957,1009620,Obadiah Stane,1969-12-31T19:00:00-0500
958,1009480,Odin,2014-06-12T16:01:36-0400
959,1009481,Ogun,1969-12-31T19:00:00-0500
960,1017840,Okoye,2017-08-24T16:49:45-0400
961,1010882,Old Lace,1969-12-31T19:00:00-0500
962,1017810,Old Man Logan (Earth-807128),2021-08-27T21:34:01-0400
963,1014160,Omega (Michael Pointer),2021-08-27T21:38:43-0400
964,1010757,Omega Flight,1969-12-31T19:00:00-0500
965,1009482,Omega Red,1969-12-31T19:00:00-0500
966,1011329,Omega Sentinel,1969-12-31T19:00:00-0500
967,1011123,Omega the Unknown,1969-12-31T19:00:00-0500
968,1009483,Onslaught,2014-04-29T14:14:34-0400
969,1011255,Onslaught (Ultimate),1969-12-31T19:00:00-0500
970,1009484,Oracle,1969-12-31T19:00:00-0500
971,1011202,Ord,1969-12-31T19:00:00-0500
972,1009485,Orphan,1969-12-31T19:00:00-0500
973,1010957,Orphan-Maker,-0001-11-30T00:00:00-0500
974,1009479,Otto Octavius,1969-12-31T19:00:00-0500
975,1014198,Outlaw (Inez Temple),2021-08-27T21:44:22-0400
976,1011228,Outlaw Kid,1969-12-31T19:00:00-0500
977,1010332,Overlord,1969-12-31T19:00:00-0500
978,1011028,Owl,1969-12-31T19:00:00-0500
979,1009488,Ozymandias,2010-12-10T17:17:11-0500
980,1011150,Paibok,1969-12-31T19:00:00-0500
981,1010873,Paladin,2014-04-29T14:51:16-0400
982,1010708,Pandemic,1969-12-31T19:00:00-0500
983,1011321,Paper Doll,1969-12-31T19:00:00-0500
984,1010357,Patch,1969-12-31T19:00:00-0500
985,1009492,Patriot,2011-03-10T14:50:29-0500
986,1011351,Payback,1969-12-31T19:00:00-0500
987,1017857,Peggy Carter (Captain Carter),2022-05-03T11:41:04-0400
988,1014267,Penance (Monet St. Croix),2021-08-19T00:00:58-0400
989,1009493,Penance (Robert Baldwin),2013-10-24T13:29:17-0400
990,1009494,Pepper Potts,2015-11-23T17:45:15-0500
991,1009495,Pestilence,1969-12-31T19:00:00-0500
992,1011388,Pet Avengers,2011-07-19T15:56:51-0400
993,1010779,Pete Wisdom,-0001-11-30T00:00:00-0500
994,1009491,Peter Parker,2021-07-01T15:07:31-0400
995,1010734,Peter Quill,1969-12-31T19:00:00-0500
996,1011021,Phalanx,2013-11-01T16:41:45-0400
997,1011419,Phantom Reporter,1969-12-31T19:00:00-0500
998,1017839,Phil Coulson (Phil Coulson),2017-08-24T12:56:20-0400
999,1011369,Phil Sheldon,1969-12-31T19:00:00-0500
1000,1014318,Phoenix Force,2021-08-23T23:19:13-0400
1001,1011045,Photon,1969-12-31T19:00:00-0500
1002,1010741,Phyla-Vell,1969-12-31T19:00:00-0500
1003,1010886,Piledriver,1969-12-31T19:00:00-0500
1004,1010762,Pip,1969-12-31T19:00:00-0500
1005,1011179,Pixie,2012-12-20T13:26:34-0500
1006,1009498,Plazm,1969-12-31T19:00:00-0500
1007,1009499,Polaris,2013-11-01T16:43:39-0400
1008,1009501,Post,1969-12-31T19:00:00-0500
1009,1016840,Power Man (USM),2013-09-18T15:54:58-0400
1010,1010770,Power Pack,2013-11-20T17:14:55-0500
1011,1011151,Praxagora,1969-12-31T19:00:00-0500
1012,1011152,Preak,1969-12-31T19:00:00-0500
1013,1009502,Pretty Boy,1969-12-31T19:00:00-0500
1014,1011104,Pride,1969-12-31T19:00:00-0500
1015,1014989,Prima,2010-11-18T16:00:31-0500
1016,1011234,Prince of Orphans,2011-05-26T17:52:40-0400
1017,1010750,Princess Powerful,1969-12-31T19:00:00-0500
1018,1009503,Prism,1969-12-31T19:00:00-0500
1019,1011030,Prodigy,2014-04-29T14:18:25-0400
1020,1014434,Prodigy (David Alleyne),2021-08-12T23:33:40-0400
1021,1011153,Proemial Gods,1969-12-31T19:00:00-0500
1022,1011378,Professor Monster,1969-12-31T19:00:00-0500
1023,1009504,Professor X,2013-11-20T17:14:37-0500
1024,1010958,Professor X (Ultimate),2013-07-18T13:53:49-0400
1025,1009505,Proteus,2014-04-29T14:23:50-0400
1026,1010960,Proteus (House of M),1969-12-31T19:00:00-0500
1027,1010959,Proteus (Ultimate),1969-12-31T19:00:00-0500
1028,1009506,Proudstar,1969-12-31T19:00:00-0500
1029,1009507,Prowler,1969-12-31T19:00:00-0500
1030,1010961,Prowler (Rick Lawson),1969-12-31T19:00:00-0500
1031,1009511,Psycho-Man,2011-10-10T16:38:33-0400
1032,1009512,Psylocke,2015-07-28T19:24:17-0400
1033,1009510,PsyNapse,1969-12-31T19:00:00-0500
1034,1009513,Puck,2012-09-17T13:21:57-0400
1035,1010962,Puck (Zuzha Yu),1969-12-31T19:00:00-0500
1036,1010865,Puff Adder,1969-12-31T19:00:00-0500
1037,1011165,pug,1969-12-31T19:00:00-0500
1038,1009514,Puma,1969-12-31T19:00:00-0500
1039,1009515,Punisher,2017-08-24T11:20:12-0400
1040,1009517,Punisher (2099),2014-03-05T13:43:05-0500
1041,1017306,Punisher (Marvel: Avengers Alliance),2013-09-18T10:16:29-0400
1042,1009519,Puppet Master,1969-12-31T19:00:00-0500
1043,1011207,Purifiers,2013-11-01T16:41:38-0400
1044,1009520,Purple Man,2011-06-14T17:29:03-0400
1045,1009522,Pyro,2013-10-15T19:40:03-0400
1046,1014528,Quake (Daisy Johnson),2017-08-24T16:53:55-0400
1047,1009523,Quasar (Phyla-Vell),2013-11-01T16:41:34-0400
1048,1010778,Quasar (Wendell Vaughn),2013-11-01T16:41:29-0400
1049,1010334,Quasimodo,1969-12-31T19:00:00-0500
1050,1011191,Queen Noir,1969-12-31T19:00:00-0500
1051,1009387,Quentin Quire,2014-02-07T13:41:04-0500
1052,1009524,Quicksilver,2014-03-05T13:43:15-0500
1053,1010964,Quicksilver (Age of Apocalypse),2013-11-20T17:25:52-0500
1054,1010963,Quicksilver (Ultimate),2014-03-05T13:43:21-0500
1055,1009430,Rachel Grey,2013-11-01T16:41:25-0400
1056,1009526,Radioactive Man,1969-12-31T19:00:00-0500
1057,1011280,Rafael Vega,1969-12-31T19:00:00-0500
1058,1010817,Rage,1969-12-31T19:00:00-0500
1059,1009527,Raider,1969-12-31T19:00:00-0500
1060,1009528,Randall,1969-12-31T19:00:00-0500
1061,1011326,Randall Flagg,1969-12-31T19:00:00-0500
1062,1010767,Random,1969-12-31T19:00:00-0500
1063,1010838,Rattler,1969-12-31T19:00:00-0500
1064,1011154,Ravenous,1969-12-31T19:00:00-0500
1065,1010892,Rawhide Kid,1969-12-31T19:00:00-0500
1066,1009531,Raza,-0001-11-30T00:00:00-0500
1067,1009532,Reaper,1969-12-31T19:00:00-0500
1068,1009533,Reavers,1969-12-31T19:00:00-0500
1069,1015000,Reavers (Ultimate),2012-07-11T09:37:35-0400
1070,1011249,Red 9,1969-12-31T19:00:00-0500
1071,1009534,Red Ghost,2014-04-29T14:51:08-0400
1072,1011238,Red Ghost (Ultimate),1969-12-31T19:00:00-0500
1073,1014666,Red Guardian (Alexei Shostakov),2021-08-12T23:02:57-0400
1074,1011360,Red Hulk,2016-02-11T10:09:51-0500
1075,1017099,Red Hulk (HAS),2013-09-18T15:53:53-0400
1076,1011436,Red She-Hulk,2014-04-10T14:34:02-0400
1077,1011155,Red Shift,1969-12-31T19:00:00-0500
1078,1009535,Red Skull,2016-06-02T12:20:31-0400
1079,1010965,Red Skull (Albert Malik),1969-12-31T19:00:00-0500
1080,1010837,Red Wolf,1969-12-31T19:00:00-0500
1081,1011390,Redwing,2010-12-20T13:56:41-0500
1082,1011376,Reptil,2012-03-21T15:04:41-0400
1083,1011189,Retro Girl,1969-12-31T19:00:00-0500
1084,1011330,Revanche,1969-12-31T19:00:00-0500
1085,1009537,Rhino,1969-12-31T19:00:00-0500
1086,1009702,Rhodey,1969-12-31T19:00:00-0500
1087,1011401,Richard Fisk,1969-12-31T19:00:00-0500
1088,1009379,Rick Jones,2013-11-01T16:41:20-0400
1089,1015006,Rick Jones (Ultimate),2012-07-16T14:52:14-0400
1090,1011348,Ricochet,1969-12-31T19:00:00-0500
1091,1009542,Rictor,2016-02-03T15:21:53-0500
1092,1009543,Riptide,1969-12-31T19:00:00-0500
1093,1009544,Risque,1969-12-31T19:00:00-0500
1094,1009545,Robbie Robertson,1969-12-31T19:00:00-0500
1095,1010792,Robert Baldwin ,1969-12-31T19:00:00-0500
1096,1009235,Robin Chapel,1969-12-31T19:00:00-0500
1097,1010744,Rocket Raccoon,2014-07-17T17:32:43-0400
1098,1017314,Rocket Raccoon (Marvel Heroes),2013-09-18T10:53:15-0400
1099,1010769,Rocket Racer,1969-12-31T19:00:00-0500
1100,1010692,Rockslide,1969-12-31T19:00:00-0500
1101,1009546,Rogue,2016-02-01T14:50:44-0500
1102,1010967,Rogue (Age of Apocalypse),2013-11-20T17:28:13-0500
1103,1017319,Rogue (Deadpool),2013-09-18T11:10:33-0400
1104,1010966,Rogue (Ultimate),2014-03-05T13:50:28-0500
1105,1017478,Rogue (X-Men: Battle of the Atom),2014-01-15T19:43:59-0500
1106,1010781,Roland Deschain,2004-04-14T00:00:00-0400
1107,1011398,Romulus,1969-12-31T19:00:00-0500
1108,1010344,Ronan,2014-07-17T16:45:26-0400
1109,1010710,Ronin,2021-08-18T21:41:44-0400
1110,1011117,Roughhouse,1969-12-31T19:00:00-0500
1111,1009549,Roulette,1969-12-31T19:00:00-0500
1112,1009595,Roxanne Simpson,1969-12-31T19:00:00-0500
1113,1009311,Rumiko Fujikawa,1969-12-31T19:00:00-0500
1114,1010747,Runaways,2016-07-27T14:46:35-0400
1115,1009551,Russian,1969-12-31T19:00:00-0500
1116,1009552,S.H.I.E.L.D.,2017-05-04T14:41:42-0400
1117,1009553,Sabra,1969-12-31T19:00:00-0500
1118,1009554,Sabretooth,2014-01-27T16:04:53-0500
1119,1010969,Sabretooth (Age of Apocalypse),2013-10-24T13:25:35-0400
1120,1010970,Sabretooth (House of M),1969-12-31T19:00:00-0500
1121,1010968,Sabretooth (Ultimate),2011-05-24T09:57:30-0400
1122,1009555,Sage,1969-12-31T19:00:00-0500
1123,1011325,Salem's Seven (Ultimate),1969-12-31T19:00:00-0500
1124,1011126,Sally Floyd,1969-12-31T19:00:00-0500
1125,1011156,Salo,1969-12-31T19:00:00-0500
1126,1009558,Sandman,1969-12-31T19:00:00-0500
1127,1010711,Santa Claus,1969-12-31T19:00:00-0500
1128,1009559,Saracen (Muzzafar Lambert),1969-12-31T19:00:00-0500
1129,1009560,Sasquatch (Walter Langkowski),2011-09-08T13:22:13-0400
1130,1011035,Satana,2011-08-11T12:02:11-0400
1131,1009561,Sauron,1969-12-31T19:00:00-0500
1132,1011048,Scalphunter,2021-07-27T15:50:30-0400
1133,1010861,Scarecrow (Ebenezer Laughton),1969-12-31T19:00:00-0500
1134,1011197,Scarlet Spider (Ben Reilly),2012-01-31T11:54:31-0500
1135,1011426,Scarlet Spider (Kaine),2012-12-14T11:49:34-0500
1136,1009562,Scarlet Witch,2016-06-16T14:23:56-0400
1137,1010972,Scarlet Witch (Age of Apocalypse),2014-05-02T17:07:06-0400
1138,1017308,Scarlet Witch (Marvel Heroes),2013-09-18T10:52:50-0400
1139,1010971,Scarlet Witch (Ultimate),2014-03-05T13:51:08-0500
1140,1010790,Scorpion (Carmilla Black),1969-12-31T19:00:00-0500
1141,1009563,Scorpion (Mac Gargan),2021-08-18T21:29:05-0400
1142,1011079,Scorpion (Ultimate),1969-12-31T19:00:00-0500
1143,1009565,Scourge,1969-12-31T19:00:00-0500
1144,1011230,Scrambler,1969-12-31T19:00:00-0500
1145,1009566,Scream (Donna Diego),1969-12-31T19:00:00-0500
1146,1011242,Screwball,1969-12-31T19:00:00-0500
1147,1009581,Sebastian Shaw,2012-02-10T13:36:35-0500
1148,1011368,Secret Warriors,2013-10-17T15:12:37-0400
1149,1009568,Selene,1969-12-31T19:00:00-0500
1150,1009569,Senator Kelly,2012-02-02T13:50:36-0500
1151,1009570,Sentinel,2011-10-21T12:56:02-0400
1152,1011323,Sentinels,2011-05-25T10:04:06-0400
1153,1009571,Sentry (Robert Reynolds),2013-10-24T13:38:51-0400
1154,1011167,Ser Duncan,1969-12-31T19:00:00-0500
1155,1009572,Serpent Society,1969-12-31T19:00:00-0500
1156,1010345,Sersi,2013-11-20T17:28:09-0500
1157,1009573,Shadow King,2011-04-13T12:11:28-0400
1158,1010973,Shadow King (Age of Apocalypse),2014-04-29T14:10:55-0400
1159,1009574,Shadowcat,2011-07-14T14:16:37-0400
1160,1010975,Shadowcat (Age of Apocalypse),2014-04-29T14:11:09-0400
1161,1010974,Shadowcat (Ultimate),1969-12-31T19:00:00-0500
1162,1011406,Shadu the Shady,1969-12-31T19:00:00-0500
1163,1009575,Shalla-bal,1969-12-31T19:00:00-0500
1164,1009576,Shaman,2011-05-10T15:51:36-0400
1165,1014979,Shane Yamada-Jones,2010-11-18T15:51:48-0500
1166,1009577,Shang-Chi,2014-04-29T14:51:25-0400
1167,1015001,Shang-Chi (Ultimate),2012-07-11T09:41:13-0400
1168,1009578,Shanna the She-Devil,2011-04-01T11:16:00-0400
1169,1010712,Shape,1969-12-31T19:00:00-0500
1170,1009579,Shard,1969-12-31T19:00:00-0500
1171,1009228,Sharon Carter,2016-04-20T16:10:50-0400
1172,1010895,Sharon Ventura,1969-12-31T19:00:00-0500
1173,1009580,Shatterstar,2011-11-08T11:47:58-0500
1174,1017111,She-Hulk (HAS),2013-09-18T15:53:40-0400
1175,1009583,She-Hulk (Jennifer Walters),2014-01-24T18:10:30-0500
1176,1011392,She-Hulk (Lyra),2013-11-01T16:50:43-0400
1177,1017331,She-Hulk (Marvel War of Heroes),2013-09-18T10:58:59-0400
1178,1011393,She-Hulk (Ultimate),2014-03-05T13:47:50-0500
1179,1015035,Shen,2010-11-12T13:05:50-0500
1180,1011168,Sheva Callister,1969-12-31T19:00:00-0500
1181,1011093,Shi'Ar,2014-06-18T12:40:30-0400
1182,1011381,Shinko Yamashiro,1969-12-31T19:00:00-0500
1183,1009582,Shinobi Shaw,1969-12-31T19:00:00-0500
1184,1009584,Shiva,1969-12-31T19:00:00-0500
1185,1011394,Shiver Man,1969-12-31T19:00:00-0500
1186,1009585,Shocker (Herman Schultz),2012-12-27T15:35:29-0500
1187,1010858,Shockwave,1969-12-31T19:00:00-0500
1188,1010824,Shooting Star,1969-12-31T19:00:00-0500
1189,1009586,Shotgun,1969-12-31T19:00:00-0500
1190,1009587,Shriek,2013-11-20T17:27:36-0500
1191,1009588,Sif,2015-03-09T17:40:25-0400
1192,1010848,Silhouette,1969-12-31T19:00:00-0500
1193,1017815,Silk (Cindy Moon),2021-08-05T15:34:51-0400
1194,1010856,Silk Fever,1969-12-31T19:00:00-0500
1195,1010339,Silver Centurion,1969-12-31T19:00:00-0500
1196,1009589,Silver Fox,1969-12-31T19:00:00-0500
1197,1009590,Silver Sable,2014-04-29T14:51:32-0400
1198,1009591,Silver Samurai,2013-07-26T22:23:44-0400
1199,1010976,Silver Samurai (Age of Apocalypse),2014-04-29T15:00:49-0400
1200,1009592,Silver Surfer,2013-11-07T10:48:53-0500
1201,1010864,Silverclaw,1969-12-31T19:00:00-0500
1202,1009594,Silvermane,1969-12-31T19:00:00-0500
1203,1010898,Sin,2013-10-24T14:19:06-0400
1204,1011265,Sinister Six,2013-12-26T14:24:53-0500
1205,1014975,Sir Ram,2010-11-18T15:48:19-0500
1206,1010834,Siren (Earth-93060),1969-12-31T19:00:00-0500
1207,1010745,Sister Grimm,1969-12-31T19:00:00-0500
1208,1011223,Skaar,2011-02-28T10:37:48-0500
1209,1017101,Skaar (HAS),2013-09-18T15:53:28-0400
1210,1009598,Skin,1969-12-31T19:00:00-0500
1211,1011157,Skreet,1969-12-31T19:00:00-0500
1212,1009599,Skrulls,2016-05-26T10:59:51-0400
1213,1015002,Skrulls (Ultimate),2012-07-11T11:09:44-0400
1214,1009600,Skullbuster (Cylla Markham),1969-12-31T19:00:00-0500
1215,1011057,Slapstick,1969-12-31T19:00:00-0500
1216,1011070,Slayback,1969-12-31T19:00:00-0500
1217,1009601,Sleeper,1969-12-31T19:00:00-0500
1218,1010761,Sleepwalker,1969-12-31T19:00:00-0500
1219,1009602,Slipstream,1969-12-31T19:00:00-0500
1220,1010874,Slyde,1969-12-31T19:00:00-0500
1221,1009603,Smasher (Vril Rokk),1969-12-31T19:00:00-0500
1222,1010845,Smiling Tiger,1969-12-31T19:00:00-0500
1223,1009606,Snowbird,2011-08-11T10:32:42-0400
1224,1010855,Solo (James Bourne),1969-12-31T19:00:00-0500
1225,1010693,Songbird,2011-08-11T12:06:21-0400
1226,1011373,Sons of the Tiger,1969-12-31T19:00:00-0500
1227,1009607,Spacker Dave,1969-12-31T19:00:00-0500
1228,1010705,Spectrum,2013-08-30T11:37:35-0400
1229,1010833,Speed,2011-03-10T15:01:36-0500
1230,1011032,Speed Demon,2012-12-27T15:36:11-0500
1231,1010694,Speedball (Robert Baldwin),2017-08-24T17:00:17-0400
1232,1009605,Spencer Smythe,1969-12-31T19:00:00-0500
1233,1011366,Sphinx (Anath-Na Mut),1969-12-31T19:00:00-0500
1234,1010727,Spider-dok,1969-12-31T19:00:00-0500
1235,1009157,Spider-Girl (Anya Corazon),2016-02-22T15:16:25-0500
1236,1009609,Spider-Girl (May Parker),2016-03-02T11:04:46-0500
1237,1017603,Spider-Gwen (Gwen Stacy),2021-06-30T17:29:14-0400
1238,1011347,Spider-Ham (Larval Earth),2015-03-26T13:33:09-0400
1239,1011054,Spider-Man (1602),2014-03-05T13:47:38-0500
1240,1014873,Spider-Man (2099),2013-08-15T14:16:16-0400
1241,1016452,Spider-Man (Ai Apaec),2012-08-06T16:22:54-0400
1242,1014858,Spider-Man (Ben Reilly),2014-03-05T13:48:42-0500
1243,1012200,Spider-Man (House of M),2014-03-05T13:49:00-0500
1244,1017332,Spider-Man (LEGO Marvel Super Heroes),2013-09-18T11:21:05-0400
1245,1011114,Spider-Man (Marvel Zombies),2014-03-05T13:53:01-0500
1246,1017305,Spider-Man (Marvel: Avengers Alliance),2013-09-18T10:16:10-0400
1247,1016181,Spider-Man (Miles Morales),2016-02-11T10:01:29-0500
1248,1012295,Spider-Man (Noir),2015-03-26T13:33:16-0400
1249,1009610,Spider-Man (Peter Parker),2021-06-30T17:32:26-0400
1250,1011377,Spider-Man (Takuya Yamashiro),2012-08-06T16:27:55-0400
1251,1011010,Spider-Man (Ultimate),2014-03-05T13:50:46-0500
1252,1010795,Spider-Woman (Charlotte Witter),2014-03-05T13:49:34-0500
1253,1009608,Spider-Woman (Jessica Drew),2016-04-26T15:26:56-0400
1254,1010794,Spider-Woman (Mattie Franklin),2014-03-05T13:50:37-0500
1255,1009614,Spiral (Rita Wayword),1969-12-31T19:00:00-0500
1256,1011158,Spirit,1969-12-31T19:00:00-0500
1257,1010899,Spitfire,2011-02-08T19:12:56-0500
1258,1009616,Spot,1969-12-31T19:00:00-0500
1259,1011180,Sprite,1969-12-31T19:00:00-0500
1260,1009617,Spyke,1969-12-31T19:00:00-0500
1261,1014905,Squadron Sinister,2015-01-08T15:06:31-0500
1262,1010814,Squadron Supreme (Earth-712),1969-12-31T19:00:00-0500
1263,1010860,Squirrel Girl,2016-07-26T10:13:42-0400
1264,1009618,Stacy X,2012-11-09T15:14:06-0500
1265,1015003,Stacy X (Ultimate),2012-07-11T11:12:29-0400
1266,1011307,Star Brand,1969-12-31T19:00:00-0500
1267,1010733,Star-Lord (Peter Quill),2014-07-14T20:45:53-0400
1268,1009621,Starbolt,1969-12-31T19:00:00-0500
1269,1010764,Stardust,1969-12-31T19:00:00-0500
1270,1011084,Starfox,1969-12-31T19:00:00-0500
1271,1011341,Starhawk (Stakar Ogord),1969-12-31T19:00:00-0500
1272,1011078,Starjammers,2014-05-23T12:18:18-0400
1273,1009622,Stark Industries,1969-12-31T19:00:00-0500
1274,1010828,Stature,2013-11-01T16:50:16-0400
1275,1010889,Steel Serpent (Davos),1969-12-31T19:00:00-0500
1276,1012230,Stegron,2021-08-27T17:18:29-0400
1277,1011159,Stellaris,1969-12-31T19:00:00-0500
1278,1009625,Stepford Cuckoos,2011-10-19T10:50:11-0400
1279,1009615,Stephanie de la Spiroza,1969-12-31T19:00:00-0500
1280,1010901,Stephen Strange,1969-12-31T19:00:00-0500
1281,1010326,Steve Rogers,2011-03-04T15:44:59-0500
1282,1009626,Stick,1969-12-31T19:00:00-0500
1283,1009627,Stilt-Man (Wibur Day),1969-12-31T19:00:00-0500
1284,1009628,Stingray (Walter Newell),1969-12-31T19:00:00-0500
1285,1010327,Stone Men,1969-12-31T19:00:00-0500
1286,1009629,Storm,2016-05-26T11:50:27-0400
1287,1010979,Storm (Age of Apocalypse),2014-03-05T13:57:02-0500
1288,1017309,Storm (Marvel Heroes),2013-09-18T10:52:33-0400
1289,1010978,Storm (Ultimate),2014-03-05T13:58:04-0500
1290,1011062,Stranger,1969-12-31T19:00:00-0500
1291,1011051,Strong Guy,2011-11-08T11:46:04-0500
1292,1009632,Stryfe,2013-11-01T16:50:51-0400
1293,1011225,Stryfe (Ultimate),1969-12-31T19:00:00-0500
1294,1010791,Sub-Mariner,2013-09-27T16:50:47-0400
1295,1009631,Sue Storm,2013-10-24T13:41:17-0400
1296,1011212,Sugar Man,2013-11-01T16:50:49-0400
1297,1009635,Sumo,1969-12-31T19:00:00-0500
1298,1009636,Sunfire,2014-05-01T15:08:48-0400
1299,1010981,Sunfire (Age of Apocalypse),2014-05-01T15:09:00-0400
1300,1009637,Sunset Bain,1969-12-31T19:00:00-0500
1301,1009638,Sunspot,2011-07-14T14:28:50-0400
1302,1015280,Super Hero Squad,2011-04-25T19:09:38-0400
1303,1011022,Super-Adaptoid,1969-12-31T19:00:00-0500
1304,1009639,Super-Skrull,2013-11-01T16:51:40-0400
1305,1011232,Supernaut,1969-12-31T19:00:00-0500
1306,1011160,Supreme Intelligence,2013-12-17T17:37:00-0500
1307,1010695,Surge,2011-10-19T10:49:27-0400
1308,1011477,Surtur,2021-08-13T00:16:44-0400
1309,1011172,Susan Delgado,1969-12-31T19:00:00-0500
1310,1011075,Swarm,1969-12-31T19:00:00-0500
1311,1011017,Sway,1969-12-31T19:00:00-0500
1312,1009640,Switch,1969-12-31T19:00:00-0500
1313,1017852,Sword Master (Sword Master),2021-08-27T22:12:45-0400
1314,1009641,Swordsman,2014-04-29T14:51:47-0400
1315,1010982,Swordsman (Jacques Duquesne),2021-07-26T13:56:16-0400
1316,1009642,Sym,1969-12-31T19:00:00-0500
1317,1009643,Synch,1969-12-31T19:00:00-0500
1318,1009644,T'Challa,2012-05-23T12:12:57-0400
1319,1011042,Tag,1969-12-31T19:00:00-0500
1320,1009646,Talisman (Elizabeth Twoyoungmen),1969-12-31T19:00:00-0500
1321,1010753,Talkback (Chase Stein),1969-12-31T19:00:00-0500
1322,1011395,Talon (Fraternity of Raptors),1969-12-31T19:00:00-0500
1323,1011161,Talos,1969-12-31T19:00:00-0500
1324,1011149,Tana Nile,1969-12-31T19:00:00-0500
1325,1010713,Tarantula (Luis Alvarez),1969-12-31T19:00:00-0500
1326,1011854,Tarantula (Maria Vasquez),2021-08-27T22:05:20-0400
1327,1009647,Tarot,1969-12-31T19:00:00-0500
1328,1009648,Taskmaster,2013-10-24T13:29:31-0400
1329,1011115,Tattoo,1969-12-31T19:00:00-0500
1330,1011896,Taurus (Cornelius van Lunt),2021-08-27T22:16:58-0400
1331,1013504,Technarchy,2021-08-27T22:14:12-0400
1332,1011000,Ted Forrester,1969-12-31T19:00:00-0500
1333,1009650,Tempest,1969-12-31T19:00:00-0500
1334,1011162,Tenebrous,1969-12-31T19:00:00-0500
1335,1009651,Terrax,2011-09-23T11:18:20-0400
1336,1011034,Terror,1969-12-31T19:00:00-0500
1337,1010819,Texas Twister,1969-12-31T19:00:00-0500
1338,1011003,Thaddeus Ross,2013-08-20T21:16:14-0400
1339,1009652,Thanos,2016-05-05T15:35:19-0400
1340,1015004,Thanos (Ultimate),2014-03-05T13:56:27-0500
1341,1011083,The 198,2013-07-22T14:59:21-0400
1342,1009653,The Anarchist,1969-12-31T19:00:00-0500
1343,1009654,The Call,1969-12-31T19:00:00-0500
1344,1010714,The Captain,2012-03-19T12:23:12-0400
1345,1012080,The Collector (Taneleer Tivan),2021-08-18T23:12:01-0400
1346,1011294,The Enforcers,1969-12-31T19:00:00-0500
1347,1010728,The Executioner,1969-12-31T19:00:00-0500
1348,1009655,The Fallen,1969-12-31T19:00:00-0500
1349,1011219,The Fury,1969-12-31T19:00:00-0500
1350,1010359,The Hand,2013-12-26T14:25:22-0500
1351,1010715,The Hood,2016-05-25T12:01:51-0400
1352,1011295,The Howling Commandos,2015-09-30T12:27:59-0400
1353,1014986,The Hunter,2010-11-18T15:58:03-0500
1354,1010998,The Initiative,2013-11-01T16:24:13-0400
1355,1017103,The Leader (HAS),2013-09-18T15:53:04-0400
1356,1011216,The Liberteens,1969-12-31T19:00:00-0500
1357,1011215,The Liberty Legion,1969-12-31T19:00:00-0500
1358,1011018,The Order,1969-12-31T19:00:00-0500
1359,1009656,The Phantom,1969-12-31T19:00:00-0500
1360,1009657,The Professor,1969-12-31T19:00:00-0500
1361,1011211,The Renegades,1969-12-31T19:00:00-0500
1362,1011110,The Santerians,1969-12-31T19:00:00-0500
1363,1009658,The Shiver Man,1969-12-31T19:00:00-0500
1364,1009659,The Spike,1969-12-31T19:00:00-0500
1365,1009660,The Stranger,1969-12-31T19:00:00-0500
1366,1011112,The Twelve,2012-02-02T14:22:33-0500
1367,1009661,The Watchers,1969-12-31T19:00:00-0500
1368,1011181,Thena,1969-12-31T19:00:00-0500
1369,1009662,Thing,2016-05-26T10:23:39-0400
1370,1017313,Thing (Marvel Heroes),2013-09-18T10:52:18-0400
1371,1010983,Thing (Ultimate),2010-12-08T15:01:38-0500
1372,1009664,Thor,2020-03-11T10:18:57-0400
1373,1017576,Thor (Goddess of Thunder),2014-11-17T17:48:24-0500
1374,1017106,Thor (MAA),2013-09-18T15:49:30-0400
1375,1017315,Thor (Marvel Heroes),2013-09-18T10:52:05-0400
1376,1017328,Thor (Marvel War of Heroes),2013-09-18T10:57:41-0400
1377,1017302,Thor (Marvel: Avengers Alliance),2013-09-18T10:15:49-0400
1378,1011025,Thor (Ultimate),2014-03-05T13:58:19-0500
1379,1010820,Thor Girl,2013-10-24T13:29:36-0400
1380,1010885,Thunderball,1969-12-31T19:00:00-0500
1381,1009666,Thunderbird (John Proudstar),2017-08-21T16:59:58-0400
1382,1009667,Thunderbird (Neal Shaara),1969-12-31T19:00:00-0500
1383,1009668,Thunderbolt (Bill Carver),1969-12-31T19:00:00-0500
1384,1014812,Thunderbolt Ross,2013-08-20T21:16:17-0400
1385,1010360,Thunderbolts,2013-01-22T14:10:08-0500
1386,1011304,Thundra,1969-12-31T19:00:00-0500
1387,1009669,Tiger Shark,1969-12-31T19:00:00-0500
1388,1011237,Tiger's Beautiful Daughter,2011-05-26T17:53:29-0400
1389,1009670,Tigra (Greer Nelson),2013-10-24T13:29:42-0400
1390,1010857,Timeslip,1969-12-31T19:00:00-0500
1391,1011345,Tinkerer,1969-12-31T19:00:00-0500
1392,1011960,Tippy Toe,2017-08-24T16:56:33-0400
1393,1010669,Titania,2014-02-07T09:48:03-0500
1394,1009672,Titanium Man (Topolov),2013-11-20T17:24:25-0500
1395,1009673,Toad,2014-06-27T11:37:47-0400
1396,1009674,Toad Men,1969-12-31T19:00:00-0500
1397,1011166,Tomas,1969-12-31T19:00:00-0500
1398,1009675,Tombstone,1969-12-31T19:00:00-0500
1399,1010328,Tomorrow Man,1969-12-31T19:00:00-0500
1400,1009624,Tony Stark,2012-04-16T16:13:05-0400
1401,1011309,Toro (Thomas Raymond),2011-09-21T13:42:59-0400
1402,1009676,Toxin,1969-12-31T19:00:00-0500
1403,1009692,Toxin (Eddie Brock),2013-12-26T14:25:51-0500
1404,1010822,Trauma,2013-11-20T17:24:10-0500
1405,1011978,Trevor Fitzroy,2021-08-17T13:03:46-0400
1406,1010825,Triathlon,1969-12-31T19:00:00-0500
1407,1009671,Trish Tilby,1969-12-31T19:00:00-0500
1408,1010335,Triton,2013-11-20T17:27:21-0500
1409,1011352,True Believers,1969-12-31T19:00:00-0500
1410,1011047,Turbo,1969-12-31T19:00:00-0500
1411,1009678,Tusk,1969-12-31T19:00:00-0500
1412,1010852,Two-Gun Kid,2012-02-02T12:31:07-0500
1413,1009679,Tyger Tiger,1969-12-31T19:00:00-0500
1414,1010369,Typhoid Mary,2012-01-11T11:47:38-0500
1415,1009680,Tyrannus,2011-05-24T16:32:42-0400
1416,1011315,U-Foes,1969-12-31T19:00:00-0500
1417,1009681,U-Go Girl,1969-12-31T19:00:00-0500
1418,1009682,U.S. Agent,2014-04-29T14:14:29-0400
1419,1009683,Uatu The Watcher,2013-12-26T14:55:54-0500
1420,1010358,Ulik,2011-01-25T16:05:37-0500
1421,1016825,Ultimate Spider-Man (USM),2013-09-18T15:54:46-0400
1422,1010803,Ultimates,2011-05-17T17:26:18-0400
1423,1009684,Ultimatum,1969-12-31T19:00:00-0500
1424,1011311,Ultimo,1969-12-31T19:00:00-0500
1425,1011125,Ultra-Adaptoid,1969-12-31T19:00:00-0500
1426,1010847,Ultragirl (Earth-93060),2013-10-28T13:56:33-0400
1427,1009685,Ultron,2013-10-18T17:32:22-0400
1428,1009686,Umar,1969-12-31T19:00:00-0500
1429,1010862,Unicorn,1969-12-31T19:00:00-0500
1430,1010985,Union Jack (Brian Falsworth),1969-12-31T19:00:00-0500
1431,1010696,Union Jack (Joseph Chapman),2011-02-17T18:05:22-0500
1432,1010984,Union Jack (Montgomery Falsworth),1969-12-31T19:00:00-0500
1433,1009687,Unus,1969-12-31T19:00:00-0500
1434,1010987,Unus (Age of Apocalypse),2014-04-30T17:06:44-0400
1435,1010988,Unus (House of M),1969-12-31T19:00:00-0500
1436,1010986,Unus (Ultimate),1969-12-31T19:00:00-0500
1437,1009525,Valeria Richards,2012-03-02T10:26:15-0500
1438,1017841,Valkyrie (Exiles),2021-08-04T11:57:19-0400
1439,1010350,Valkyrie (Samantha Parrington),2014-04-29T14:23:28-0400
1440,1011239,Valkyrie (Ultimate),2014-03-05T13:58:33-0500
1441,1011182,Vampiro,1969-12-31T19:00:00-0500
1442,1011342,Vance Astro,1969-12-31T19:00:00-0500
1443,1010989,Vanisher (Age of Apocalypse),2013-10-18T16:35:15-0400
1444,1011365,Vanisher (Telford Porter),1969-12-31T19:00:00-0500
1445,1009689,Vanisher (Ultimate),1969-12-31T19:00:00-0500
1446,1011316,Vapor,1969-12-31T19:00:00-0500
1447,1009690,Vargas,1969-12-31T19:00:00-0500
1448,1010872,Vector,1969-12-31T19:00:00-0500
1449,1011231,Veda,1969-12-31T19:00:00-0500
1450,1009691,Vengeance (Michael Badilino),2014-04-29T14:10:10-0400
1451,1009663,Venom (Flash Thompson),2016-05-25T12:51:24-0400
1452,1010788,Venom (Mac Gargan),2014-03-05T13:58:37-0500
1453,1011128,Venom (Ultimate),2014-03-05T13:58:42-0500
1454,1011106,Venus (Siren),2014-04-29T14:52:01-0400
1455,1009693,Venus Dee Milo,1969-12-31T19:00:00-0500
1456,1010353,Vermin (Edward Whelan),2013-11-20T17:27:14-0500
1457,1009694,Vertigo (Savage Land Mutate),1969-12-31T19:00:00-0500
1458,1011066,Victor Mancha,1969-12-31T19:00:00-0500
1459,1010324,Victor Von Doom,1969-12-31T19:00:00-0500
1460,1011261,Vin Gonzales,1969-12-31T19:00:00-0500
1461,1009695,Vindicator,2011-06-17T13:31:18-0400
1462,1010666,Violations,1969-12-31T19:00:00-0500
1463,1009696,Viper,2013-07-26T22:21:42-0400
1464,1010697,Virginia Dare,1969-12-31T19:00:00-0500
1465,1009697,Vision,2016-05-02T15:51:46-0400
1466,1009698,Vivisector,1969-12-31T19:00:00-0500
1467,1011011,Vulcan (Gabriel Summers),2013-11-20T17:27:10-0500
1468,1009699,Vulture (Adrian Toomes),2017-01-31T11:10:36-0500
1469,1010990,Vulture (Blackie Drago),1969-12-31T19:00:00-0500
1470,1010849,Wallflower,1969-12-31T19:00:00-0500
1471,1011267,Wallop,1969-12-31T19:00:00-0500
1472,1009700,Wallow,1969-12-31T19:00:00-0500
1473,1009701,War (Abraham Kieros),1969-12-31T19:00:00-0500
1474,1017322,War Machine (Iron Man 3 - The Official Game),2013-09-18T11:06:14-0400
1475,1017834,War Machine (James Rhodes),2021-08-05T18:41:02-0400
1476,1017304,War Machine (Marvel: Avengers Alliance),2013-09-18T10:15:32-0400
1477,1010991,War Machine (Parnell Jacobs),2014-04-29T14:14:41-0400
1478,1011226,War Machine (Ultimate),1969-12-31T19:00:00-0500
1479,1009703,Warbird,1969-12-31T19:00:00-0500
1480,1011121,Warbound,2014-05-01T14:11:10-0400
1481,1010372,Warhawk (Mitchell Tanner),1969-12-31T19:00:00-0500
1482,1009704,Warlock (Janie Chin),1969-12-31T19:00:00-0500
1483,1011287,Warlock (Technarchy),2011-07-14T14:28:15-0400
1484,1009705,Warpath,2013-10-22T12:22:42-0400
1485,1010668,Warren Worthington III,1969-12-31T19:00:00-0500
1486,1009706,Warstar,1969-12-31T19:00:00-0500
1487,1009707,Wasp,2016-02-29T10:44:27-0500
1488,1010992,Wasp (Ultimate),1969-12-31T19:00:00-0500
1489,1017853,Wave (Wave),2021-08-27T17:43:56-0400
1490,1011133,Weapon Omega,2010-11-18T15:57:10-0500
1491,1009709,Weapon X,1969-12-31T19:00:00-0500
1492,1011402,Wendell Rand,1969-12-31T19:00:00-0500
1493,1010742,Wendell Vaughn,1969-12-31T19:00:00-0500
1494,1009710,Wendigo,2011-05-24T16:45:41-0400
1495,1010765,Werewolf By Night,1969-12-31T19:00:00-0500
1496,1011588,Whiplash (Anton Vanko),2021-08-19T00:05:03-0400
1497,1009711,Whiplash (Mark Scarlotti),1969-12-31T19:00:00-0500
1498,1010348,Whirlwind,2012-03-20T16:54:18-0400
1499,1010342,Whistler,1969-12-31T19:00:00-0500
1500,1009712,White Queen (Adrienne Frost),1969-12-31T19:00:00-0500
1501,1010853,White Tiger (Angela Del Toro),1969-12-31T19:00:00-0500
1502,1016838,White Tiger (USM),2013-09-18T15:44:30-0400
1503,1011425,Whizzer (Stanley Stewart),1969-12-31T19:00:00-0500
1504,1009714,Wiccan,2011-09-19T16:21:04-0400
1505,1009715,Wild Child,-0001-11-30T00:00:00-0500
1506,1010994,Wild Child (Age of Apocalypse),2013-11-20T17:27:05-0500
1507,1011067,Wild Pack,1969-12-31T19:00:00-0500
1508,1009716,Wildside,1969-12-31T19:00:00-0500
1509,1009633,William Stryker,2011-10-19T11:42:18-0400
1510,1010680,Wilson Fisk,2004-04-14T00:00:00-0400
1511,1011009,Wind Dancer,1969-12-31T19:00:00-0500
1512,1010740,Winter Soldier,2016-05-02T15:42:32-0400
1513,1011043,Wither,1969-12-31T19:00:00-0500
1514,1011290,Wolf Cub,1969-12-31T19:00:00-0500
1515,1011281,Wolfpack,1969-12-31T19:00:00-0500
1516,1009717,Wolfsbane,2016-02-08T11:05:36-0500
1517,1010995,Wolfsbane (Age of Apocalypse),2013-11-20T17:27:01-0500
1518,1010729,Wolver-dok,1969-12-31T19:00:00-0500
1519,1009718,Wolverine,2016-05-02T12:21:44-0400
1520,1017297,Wolverine (LEGO Marvel Super Heroes),2013-09-18T11:16:20-0400
1521,1017325,Wolverine (Marvel War of Heroes),2013-09-18T10:58:44-0400
1522,1011006,Wolverine (Ultimate),2014-03-05T13:58:52-0500
1523,1017479,Wolverine (X-Men: Battle of the Atom),2014-01-15T19:44:36-0500
1524,1009719,Wonder Man,2011-08-09T14:58:20-0400
1525,1009720,Wong,1969-12-31T19:00:00-0500
1526,1015005,Wong (Ultimate),2012-07-11T11:23:58-0400
1527,1010737,Wraith,1969-12-31T19:00:00-0500
1528,1010884,Wrecker,1969-12-31T19:00:00-0500
1529,1010883,Wrecking Crew,2013-11-20T17:26:57-0500
1530,1009722,X-23,2016-02-11T11:38:11-0500
1531,1010804,X-51,1969-12-31T19:00:00-0500
1532,1011418,X-Babies,1969-12-31T19:00:00-0500
1533,1009723,X-Cutioner,1969-12-31T19:00:00-0500
1534,1010738,X-Factor,2016-02-11T12:19:50-0500
1535,1010739,X-Factor Investigations,2013-11-20T17:26:52-0500
1536,1009724,X-Force,2016-02-10T16:13:08-0500
1537,1009725,X-Man,2014-04-29T14:14:20-0400
1538,1009726,X-Men,2017-01-24T15:44:42-0500
1539,1011109,X-Men (Ultimate),2012-06-27T12:30:35-0400
1540,1010875,X-Ray (James Darnell),1969-12-31T19:00:00-0500
1541,1010806,X-Statix,1969-12-31T19:00:00-0500
1542,1009732,X.S.E.,1969-12-31T19:00:00-0500
1543,1011094,Xavin,1969-12-31T19:00:00-0500
1544,1009734,Xorn (Kuan-Yin Xorn),1969-12-31T19:00:00-0500
1545,1009736,Yellow Claw,1969-12-31T19:00:00-0500
1546,1009737,Yellowjacket (Hank Pym),2021-08-13T00:11:11-0400
1547,1010996,Yellowjacket (Rita DeMara),2014-06-11T15:06:35-0400
1548,1011542,Yondu,2021-08-12T22:29:51-0400
1549,1010698,Young Avengers,2013-01-22T14:13:43-0500
1550,1011277,Young X-Men,1969-12-31T19:00:00-0500
1551,1009738,Zaladane,1969-12-31T19:00:00-0500
1552,1010841,Zaran,1969-12-31T19:00:00-0500
1553,1010716,Zarda,1969-12-31T19:00:00-0500
1554,1011163,Zarek,1969-12-31T19:00:00-0500
1555,1009739,Zeigeist,1969-12-31T19:00:00-0500
1556,1010780,Zemo,1969-12-31T19:00:00-0500
1557,1011515,Zeus,2021-08-18T22:06:56-0400
1558,1011127,Zodiak,1969-12-31T19:00:00-0500
1559,1009741,Zombie (Simon Garth),1969-12-31T19:00:00-0500
1560,1011183,Zuras,1969-12-31T19:00:00-0500
1561,1009742,Zzzax,2013-12-17T18:35:54-0500
